driverId,driverRef,code,forename,surname,nationality,url
1,hamilton,HAM,Lewis,Hamilton,British,http://en.wikipedia.org/wiki/Lewis_Hamilton
2,heidfeld,HEI,Nick,Heidfeld,German,http://en.wikipedia.org/wiki/Nick_Heidfeld
3,rosberg,ROS,Nico,Rosberg,German,http://en.wikipedia.org/wiki/Nico_Rosberg
4,alonso,ALO,Fernando,Alonso,Spanish,http://en.wikipedia.org/wiki/Fernando_Alonso
5,kovalainen,KOV,Heikki,Kovalainen,Finnish,http://en.wikipedia.org/wiki/Heikki_Kovalainen
6,nakajima,NAK,Kazuki,Nakajima,Japanese,http://en.wikipedia.org/wiki/Kazuki_Nakajima
7,bourdais,BOU,Sébastien,Bourdais,French,http://en.wikipedia.org/wiki/S%C3%A9bastien_Bourdais
8,raikkonen,RAI,Kimi,Räikkönen,Finnish,http://en.wikipedia.org/wiki/Kimi_R%C3%A4ikk%C3%B6nen
9,kubica,KUB,Robert,Kubica,Polish,http://en.wikipedia.org/wiki/Robert_Kubica
10,glock,GLO,Timo,Glock,German,http://en.wikipedia.org/wiki/Timo_Glock
11,sato,SAT,Takuma,Sato,Japanese,http://en.wikipedia.org/wiki/Takuma_Sato
12,piquet_jr,PIQ,Nelson,Piquet Jr.,Brazilian,"http://en.wikipedia.org/wiki/Nelson_Piquet,_Jr."
13,massa,MAS,Felipe,Massa,Brazilian,http://en.wikipedia.org/wiki/Felipe_Massa
14,coulthard,COU,David,Coulthard,British,http://en.wikipedia.org/wiki/David_Coulthard
15,trulli,TRU,Jarno,Trulli,Italian,http://en.wikipedia.org/wiki/Jarno_Trulli
16,sutil,SUT,Adrian,Sutil,German,http://en.wikipedia.org/wiki/Adrian_Sutil
17,webber,WEB,Mark,Webber,Australian,http://en.wikipedia.org/wiki/Mark_Webber_(racing_driver)
18,button,BUT,Jenson,Button,British,http://en.wikipedia.org/wiki/Jenson_Button
19,davidson,DAV,Anthony,Davidson,British,http://en.wikipedia.org/wiki/Anthony_Davidson
20,vettel,VET,Sebastian,Vettel,German,http://en.wikipedia.org/wiki/Sebastian_Vettel
21,fisichella,FIS,Giancarlo,Fisichella,Italian,http://en.wikipedia.org/wiki/Giancarlo_Fisichella
22,barrichello,BAR,Rubens,Barrichello,Brazilian,http://en.wikipedia.org/wiki/Rubens_Barrichello
23,ralf_schumacher,SCH,Ralf,Schumacher,German,http://en.wikipedia.org/wiki/Ralf_Schumacher
24,liuzzi,LIU,Vitantonio,Liuzzi,Italian,http://en.wikipedia.org/wiki/Vitantonio_Liuzzi
25,wurz,WUR,Alexander,Wurz,Austrian,http://en.wikipedia.org/wiki/Alexander_Wurz
26,speed,SPE,Scott,Speed,American,http://en.wikipedia.org/wiki/Scott_Speed
27,albers,ALB,Christijan,Albers,Dutch,http://en.wikipedia.org/wiki/Christijan_Albers
28,markus_winkelhock,WIN,Markus,Winkelhock,German,http://en.wikipedia.org/wiki/Markus_Winkelhock
29,yamamoto,YAM,Sakon,Yamamoto,Japanese,http://en.wikipedia.org/wiki/Sakon_Yamamoto
30,michael_schumacher,MSC,Michael,Schumacher,German,http://en.wikipedia.org/wiki/Michael_Schumacher
31,montoya,MON,Juan,Pablo Montoya,Colombian,http://en.wikipedia.org/wiki/Juan_Pablo_Montoya
32,klien,KLI,Christian,Klien,Austrian,http://en.wikipedia.org/wiki/Christian_Klien
33,monteiro,TMO,Tiago,Monteiro,Portuguese,http://en.wikipedia.org/wiki/Tiago_Monteiro
34,ide,IDE,Yuji,Ide,Japanese,http://en.wikipedia.org/wiki/Yuji_Ide
35,villeneuve,VIL,Jacques,Villeneuve,Canadian,http://en.wikipedia.org/wiki/Jacques_Villeneuve
36,montagny,FMO,Franck,Montagny,French,http://en.wikipedia.org/wiki/Franck_Montagny
37,rosa,DLR,Pedro,de la Rosa,Spanish,http://en.wikipedia.org/wiki/Pedro_de_la_Rosa
38,doornbos,DOO,Robert,Doornbos,Dutch,http://en.wikipedia.org/wiki/Robert_Doornbos
39,karthikeyan,KAR,Narain,Karthikeyan,Indian,http://en.wikipedia.org/wiki/Narain_Karthikeyan
40,friesacher,FRI,Patrick,Friesacher,Austrian,http://en.wikipedia.org/wiki/Patrick_Friesacher
41,zonta,ZON,Ricardo,Zonta,Brazilian,http://en.wikipedia.org/wiki/Ricardo_Zonta
42,pizzonia,PIZ,Antônio,Pizzonia,Brazilian,http://en.wikipedia.org/wiki/Ant%C3%B4nio_Pizzonia
43,matta,\N,Cristiano,da Matta,Brazilian,http://en.wikipedia.org/wiki/Cristiano_da_Matta
44,panis,\N,Olivier,Panis,French,http://en.wikipedia.org/wiki/Olivier_Panis
45,pantano,\N,Giorgio,Pantano,Italian,http://en.wikipedia.org/wiki/Giorgio_Pantano
46,bruni,\N,Gianmaria,Bruni,Italian,http://en.wikipedia.org/wiki/Gianmaria_Bruni
47,baumgartner,\N,Zsolt,Baumgartner,Hungarian,http://en.wikipedia.org/wiki/Zsolt_Baumgartner
48,gene,\N,Marc,Gené,Spanish,http://en.wikipedia.org/wiki/Marc_Gen%C3%A9
49,frentzen,\N,Heinz-Harald,Frentzen,German,http://en.wikipedia.org/wiki/Heinz-Harald_Frentzen
50,verstappen,\N,Jos,Verstappen,Dutch,http://en.wikipedia.org/wiki/Jos_Verstappen
51,wilson,\N,Justin,Wilson,British,http://en.wikipedia.org/wiki/Justin_Wilson_(racing_driver)
52,firman,\N,Ralph,Firman,Irish,http://en.wikipedia.org/wiki/Ralph_Firman
53,kiesa,\N,Nicolas,Kiesa,Danish,http://en.wikipedia.org/wiki/Nicolas_Kiesa
54,burti,\N,Luciano,Burti,Brazilian,http://en.wikipedia.org/wiki/Luciano_Burti
55,alesi,\N,Jean,Alesi,French,http://en.wikipedia.org/wiki/Jean_Alesi
56,irvine,\N,Eddie,Irvine,British,http://en.wikipedia.org/wiki/Eddie_Irvine
57,hakkinen,\N,Mika,Häkkinen,Finnish,http://en.wikipedia.org/wiki/Mika_H%C3%A4kkinen
58,marques,\N,Tarso,Marques,Brazilian,http://en.wikipedia.org/wiki/Tarso_Marques
59,bernoldi,\N,Enrique,Bernoldi,Brazilian,http://en.wikipedia.org/wiki/Enrique_Bernoldi
60,mazzacane,\N,Gastón,Mazzacane,Argentine,http://en.wikipedia.org/wiki/Gast%C3%B3n_Mazzacane
61,enge,\N,Tomáš,Enge,Czech,http://en.wikipedia.org/wiki/Tom%C3%A1%C5%A1_Enge
62,yoong,\N,Alex,Yoong,Malaysian,http://en.wikipedia.org/wiki/Alex_Yoong
63,salo,\N,Mika,Salo,Finnish,http://en.wikipedia.org/wiki/Mika_Salo
64,diniz,\N,Pedro,Diniz,Brazilian,http://en.wikipedia.org/wiki/Pedro_Diniz
65,herbert,\N,Johnny,Herbert,British,http://en.wikipedia.org/wiki/Johnny_Herbert
66,mcnish,\N,Allan,McNish,British,http://en.wikipedia.org/wiki/Allan_McNish
67,buemi,BUE,Sébastien,Buemi,Swiss,http://en.wikipedia.org/wiki/S%C3%A9bastien_Buemi
68,takagi,\N,Toranosuke,Takagi,Japanese,http://en.wikipedia.org/wiki/Toranosuke_Takagi
69,badoer,BAD,Luca,Badoer,Italian,http://en.wikipedia.org/wiki/Luca_Badoer
70,zanardi,\N,Alessandro,Zanardi,Italian,http://en.wikipedia.org/wiki/Alex_Zanardi
71,damon_hill,\N,Damon,Hill,British,http://en.wikipedia.org/wiki/Damon_Hill
72,sarrazin,\N,Stéphane,Sarrazin,French,http://en.wikipedia.org/wiki/St%C3%A9phane_Sarrazin
73,rosset,\N,Ricardo,Rosset,Brazilian,http://en.wikipedia.org/wiki/Ricardo_Rosset
74,tuero,\N,Esteban,Tuero,Argentine,http://en.wikipedia.org/wiki/Esteban_Tuero
75,nakano,\N,Shinji,Nakano,Japanese,http://en.wikipedia.org/wiki/Shinji_Nakano
76,magnussen,MAG,Jan,Magnussen,Danish,http://en.wikipedia.org/wiki/Jan_Magnussen
77,berger,\N,Gerhard,Berger,Austrian,http://en.wikipedia.org/wiki/Gerhard_Berger
78,larini,\N,Nicola,Larini,Italian,http://en.wikipedia.org/wiki/Nicola_Larini
79,katayama,\N,Ukyo,Katayama,Japanese,http://en.wikipedia.org/wiki/Ukyo_Katayama
80,sospiri,\N,Vincenzo,Sospiri,Italian,http://en.wikipedia.org/wiki/Vincenzo_Sospiri
81,morbidelli,\N,Gianni,Morbidelli,Italian,http://en.wikipedia.org/wiki/Gianni_Morbidelli
82,fontana,\N,Norberto,Fontana,Argentine,http://en.wikipedia.org/wiki/Norberto_Fontana
83,lamy,\N,Pedro,Lamy,Portuguese,http://en.wikipedia.org/wiki/Pedro_Lamy
84,brundle,\N,Martin,Brundle,British,http://en.wikipedia.org/wiki/Martin_Brundle
85,montermini,\N,Andrea,Montermini,Italian,http://en.wikipedia.org/wiki/Andrea_Montermini
86,lavaggi,\N,Giovanni,Lavaggi,Italian,http://en.wikipedia.org/wiki/Giovanni_Lavaggi
87,blundell,\N,Mark,Blundell,British,http://en.wikipedia.org/wiki/Mark_Blundell
88,suzuki,\N,Aguri,Suzuki,Japanese,http://en.wikipedia.org/wiki/Aguri_Suzuki
89,inoue,\N,Taki,Inoue,Japanese,http://en.wikipedia.org/wiki/Taki_Inoue
90,moreno,\N,Roberto,Moreno,Brazilian,http://en.wikipedia.org/wiki/Roberto_Moreno
91,wendlinger,\N,Karl,Wendlinger,Austrian,http://en.wikipedia.org/wiki/Karl_Wendlinger
92,gachot,\N,Bertrand,Gachot,Belgian,http://en.wikipedia.org/wiki/Bertrand_Gachot
93,schiattarella,\N,Domenico,Schiattarella,Italian,http://en.wikipedia.org/wiki/Domenico_Schiattarella
94,martini,\N,Pierluigi,Martini,Italian,http://en.wikipedia.org/wiki/Pierluigi_Martini
95,mansell,\N,Nigel,Mansell,British,http://en.wikipedia.org/wiki/Nigel_Mansell
96,boullion,\N,Jean-Christophe,Boullion,French,http://en.wikipedia.org/wiki/Jean-Christophe_Boullion
97,papis,\N,Massimiliano,Papis,Italian,http://en.wikipedia.org/wiki/Massimiliano_Papis
98,deletraz,\N,Jean-Denis,Délétraz,Swiss,http://en.wikipedia.org/wiki/Jean-Denis_Deletraz
99,tarquini,\N,Gabriele,Tarquini,Italian,http://en.wikipedia.org/wiki/Gabriele_Tarquini
100,comas,\N,Érik,Comas,French,http://en.wikipedia.org/wiki/%C3%89rik_Comas
101,brabham,\N,David,Brabham,Australian,http://en.wikipedia.org/wiki/David_Brabham
102,senna,\N,Ayrton,Senna,Brazilian,http://en.wikipedia.org/wiki/Ayrton_Senna
103,bernard,\N,Éric,Bernard,French,http://en.wikipedia.org/wiki/%C3%89ric_Bernard
104,fittipaldi,\N,Christian,Fittipaldi,Brazilian,http://en.wikipedia.org/wiki/Christian_Fittipaldi
105,alboreto,\N,Michele,Alboreto,Italian,http://en.wikipedia.org/wiki/Michele_Alboreto
106,beretta,\N,Olivier,Beretta,Monegasque,http://en.wikipedia.org/wiki/Olivier_Beretta
107,ratzenberger,\N,Roland,Ratzenberger,Austrian,http://en.wikipedia.org/wiki/Roland_Ratzenberger
108,belmondo,\N,Paul,Belmondo,French,http://en.wikipedia.org/wiki/Paul_Belmondo
109,lehto,\N,Jyrki,Järvilehto,Finnish,http://en.wikipedia.org/wiki/Jyrki_J%C3%A4rvilehto
110,cesaris,\N,Andrea,de Cesaris,Italian,http://en.wikipedia.org/wiki/Andrea_de_Cesaris
111,gounon,\N,Jean-Marc,Gounon,French,http://en.wikipedia.org/wiki/Jean-Marc_Gounon
112,alliot,\N,Philippe,Alliot,French,http://en.wikipedia.org/wiki/Philippe_Alliot
113,adams,\N,Philippe,Adams,Belgian,http://en.wikipedia.org/wiki/Philippe_Adams
114,dalmas,\N,Yannick,Dalmas,French,http://en.wikipedia.org/wiki/Yannick_Dalmas
115,noda,\N,Hideki,Noda,Japanese,http://en.wikipedia.org/wiki/Hideki_Noda
116,lagorce,\N,Franck,Lagorce,French,http://en.wikipedia.org/wiki/Franck_Lagorce
117,prost,\N,Alain,Prost,French,http://en.wikipedia.org/wiki/Alain_Prost
118,warwick,\N,Derek,Warwick,British,http://en.wikipedia.org/wiki/Derek_Warwick
119,patrese,\N,Riccardo,Patrese,Italian,http://en.wikipedia.org/wiki/Riccardo_Patrese
120,barbazza,\N,Fabrizio,Barbazza,Italian,http://en.wikipedia.org/wiki/Fabrizio_Barbazza
121,andretti,\N,Michael,Andretti,American,http://en.wikipedia.org/wiki/Michael_Andretti
122,capelli,\N,Ivan,Capelli,Italian,http://en.wikipedia.org/wiki/Ivan_Capelli
123,boutsen,\N,Thierry,Boutsen,Belgian,http://en.wikipedia.org/wiki/Thierry_Boutsen
124,apicella,\N,Marco,Apicella,Italian,http://en.wikipedia.org/wiki/Marco_Apicella
125,naspetti,\N,Emanuele,Naspetti,Italian,http://en.wikipedia.org/wiki/Emanuele_Naspetti
126,toshio_suzuki,\N,Toshio,Suzuki,Japanese,http://en.wikipedia.org/wiki/Toshio_Suzuki_(driver)
127,gugelmin,\N,Maurício,Gugelmin,Brazilian,http://en.wikipedia.org/wiki/Maur%C3%ADcio_Gugelmin
128,poele,\N,Eric,van de Poele,Belgian,http://en.wikipedia.org/wiki/Eric_van_de_Poele
129,grouillard,\N,Olivier,Grouillard,French,http://en.wikipedia.org/wiki/Olivier_Grouillard
130,chiesa,\N,Andrea,Chiesa,Swiss,http://en.wikipedia.org/wiki/Andrea_Chiesa
131,modena,\N,Stefano,Modena,Italian,http://en.wikipedia.org/wiki/Stefano_Modena
132,amati,\N,Giovanna,Amati,Italian,http://en.wikipedia.org/wiki/Giovanna_Amati
133,caffi,\N,Alex,Caffi,Italian,http://en.wikipedia.org/wiki/Alex_Caffi
134,bertaggia,\N,Enrico,Bertaggia,Italian,http://en.wikipedia.org/wiki/Enrico_Bertaggia
135,mccarthy,\N,Perry,McCarthy,British,http://en.wikipedia.org/wiki/Perry_McCarthy
136,lammers,\N,Jan,Lammers,Dutch,http://en.wikipedia.org/wiki/Jan_Lammers
137,piquet,\N,Nelson,Piquet,Brazilian,http://en.wikipedia.org/wiki/Nelson_Piquet
138,satoru_nakajima,\N,Satoru,Nakajima,Japanese,http://en.wikipedia.org/wiki/Satoru_Nakajima
139,pirro,\N,Emanuele,Pirro,Italian,http://en.wikipedia.org/wiki/Emanuele_Pirro
140,johansson,\N,Stefan,Johansson,Swedish,http://en.wikipedia.org/wiki/Stefan_Johansson
141,bailey,\N,Julian,Bailey,British,http://en.wikipedia.org/wiki/Julian_Bailey
142,chaves,\N,Pedro,Chaves,Portuguese,http://en.wikipedia.org/wiki/Pedro_Chaves
143,bartels,\N,Michael,Bartels,German,http://en.wikipedia.org/wiki/Michael_Bartels
144,hattori,\N,Naoki,Hattori,Japanese,http://en.wikipedia.org/wiki/Naoki_Hattori
145,nannini,\N,Alessandro,Nannini,Italian,http://en.wikipedia.org/wiki/Alessandro_Nannini
146,schneider,\N,Bernd,Schneider,German,http://en.wikipedia.org/wiki/Bernd_Schneider_(racecar_driver)
147,barilla,\N,Paolo,Barilla,Italian,http://en.wikipedia.org/wiki/Paolo_Barilla
148,foitek,\N,Gregor,Foitek,Swiss,http://en.wikipedia.org/wiki/Gregor_Foitek
149,langes,\N,Claudio,Langes,Italian,http://en.wikipedia.org/wiki/Claudio_Langes
150,gary_brabham,\N,Gary,Brabham,Australian,http://en.wikipedia.org/wiki/Gary_Brabham
151,donnelly,\N,Martin,Donnelly,British,http://en.wikipedia.org/wiki/Martin_Donnelly_(racing_driver)
152,giacomelli,\N,Bruno,Giacomelli,Italian,http://en.wikipedia.org/wiki/Bruno_Giacomelli
153,alguersuari,ALG,Jaime,Alguersuari,Spanish,http://en.wikipedia.org/wiki/Jaime_Alguersuari
154,grosjean,GRO,Romain,Grosjean,French,http://en.wikipedia.org/wiki/Romain_Grosjean
155,kobayashi,KOB,Kamui,Kobayashi,Japanese,http://en.wikipedia.org/wiki/Kamui_Kobayashi
156,palmer,\N,Jonathan,Palmer,British,http://en.wikipedia.org/wiki/Jonathan_Palmer
157,danner,\N,Christian,Danner,German,http://en.wikipedia.org/wiki/Christian_Danner
158,cheever,\N,Eddie,Cheever,American,http://en.wikipedia.org/wiki/Eddie_Cheever
159,sala,\N,Luis,Pérez-Sala,Spanish,http://en.wikipedia.org/wiki/Luis_Perez-Sala
160,ghinzani,\N,Piercarlo,Ghinzani,Italian,http://en.wikipedia.org/wiki/Piercarlo_Ghinzani
161,weidler,\N,Volker,Weidler,German,http://en.wikipedia.org/wiki/Volker_Weidler
162,raphanel,\N,Pierre-Henri,Raphanel,French,http://en.wikipedia.org/wiki/Pierre-Henri_Raphanel
163,arnoux,\N,René,Arnoux,French,http://en.wikipedia.org/wiki/Ren%C3%A9_Arnoux
164,joachim_winkelhock,\N,Joachim,Winkelhock,German,http://en.wikipedia.org/wiki/Joachim_Winkelhock
165,larrauri,\N,Oscar,Larrauri,Argentine,http://en.wikipedia.org/wiki/Oscar_Larrauri
166,streiff,\N,Philippe,Streiff,French,http://en.wikipedia.org/wiki/Philippe_Streiff
167,campos,\N,Adrián,Campos,Spanish,http://en.wikipedia.org/wiki/Adri%C3%A1n_Campos
168,schlesser,\N,Jean-Louis,Schlesser,French,http://en.wikipedia.org/wiki/Jean-Louis_Schlesser
169,fabre,\N,Pascal,Fabre,French,http://en.wikipedia.org/wiki/Pascal_Fabre
170,fabi,\N,Teo,Fabi,Italian,http://en.wikipedia.org/wiki/Teo_Fabi
171,forini,\N,Franco,Forini,Swiss,http://en.wikipedia.org/wiki/Franco_Forini
172,laffite,\N,Jacques,Laffite,French,http://en.wikipedia.org/wiki/Jacques_Laffite
173,angelis,\N,Elio,de Angelis,Italian,http://en.wikipedia.org/wiki/Elio_de_Angelis
174,dumfries,\N,Johnny,Dumfries,British,http://en.wikipedia.org/wiki/Johnny_Dumfries
175,tambay,\N,Patrick,Tambay,French,http://en.wikipedia.org/wiki/Patrick_Tambay
176,surer,\N,Marc,Surer,Swiss,http://en.wikipedia.org/wiki/Marc_Surer
177,keke_rosberg,\N,Keke,Rosberg,Finnish,http://en.wikipedia.org/wiki/Keke_Rosberg
178,jones,\N,Alan,Jones,Australian,http://en.wikipedia.org/wiki/Alan_Jones_(Formula_1)
179,rothengatter,\N,Huub,Rothengatter,Dutch,http://en.wikipedia.org/wiki/Huub_Rothengatter
180,berg,\N,Allen,Berg,Canadian,http://en.wikipedia.org/wiki/Allen_Berg
181,manfred_winkelhock,\N,Manfred,Winkelhock,German,http://en.wikipedia.org/wiki/Manfred_Winkelhock
182,lauda,\N,Niki,Lauda,Austrian,http://en.wikipedia.org/wiki/Niki_Lauda
183,hesnault,\N,François,Hesnault,French,http://en.wikipedia.org/wiki/Fran%C3%A7ois_Hesnault
184,baldi,\N,Mauro,Baldi,Italian,http://en.wikipedia.org/wiki/Mauro_Baldi
185,bellof,\N,Stefan,Bellof,German,http://en.wikipedia.org/wiki/Stefan_Bellof
186,acheson,\N,Kenny,Acheson,British,http://en.wikipedia.org/wiki/Kenny_Acheson
187,watson,\N,John,Watson,British,http://en.wikipedia.org/wiki/John_Watson_(racing_driver)
188,cecotto,\N,Johnny,Cecotto,Venezuelan,http://en.wikipedia.org/wiki/Johnny_Cecotto
189,gartner,\N,Jo,Gartner,Austrian,http://en.wikipedia.org/wiki/Jo_Gartner
190,corrado_fabi,\N,Corrado,Fabi,Italian,http://en.wikipedia.org/wiki/Corrado_Fabi
191,thackwell,\N,Mike,Thackwell,New Zealander,http://en.wikipedia.org/wiki/Mike_Thackwell
192,serra,\N,Chico,Serra,Brazilian,http://en.wikipedia.org/wiki/Chico_Serra
193,sullivan,\N,Danny,Sullivan,American,http://en.wikipedia.org/wiki/Danny_Sullivan
194,salazar,\N,Eliseo,Salazar,Chilean,http://en.wikipedia.org/wiki/Eliseo_Salazar
195,guerrero,\N,Roberto,Guerrero,Colombian,http://en.wikipedia.org/wiki/Roberto_Guerrero
196,boesel,\N,Raul,Boesel,Brazilian,http://en.wikipedia.org/wiki/Raul_Boesel
197,jarier,\N,Jean-Pierre,Jarier,French,http://en.wikipedia.org/wiki/Jean-Pierre_Jarier
198,villeneuve_sr,\N,Jacques,Villeneuve Sr.,Canadian,http://en.wikipedia.org/wiki/Jacques_Villeneuve_(elder)
199,reutemann,\N,Carlos,Reutemann,Argentine,http://en.wikipedia.org/wiki/Carlos_Reutemann
200,mass,\N,Jochen,Mass,German,http://en.wikipedia.org/wiki/Jochen_Mass
201,borgudd,\N,Slim,Borgudd,Swedish,http://en.wikipedia.org/wiki/Slim_Borgudd
202,pironi,\N,Didier,Pironi,French,http://en.wikipedia.org/wiki/Didier_Pironi
203,gilles_villeneuve,\N,Gilles,Villeneuve,Canadian,http://en.wikipedia.org/wiki/Gilles_Villeneuve
204,paletti,\N,Riccardo,Paletti,Italian,http://en.wikipedia.org/wiki/Riccardo_Paletti
205,henton,\N,Brian,Henton,British,http://en.wikipedia.org/wiki/Brian_Henton
206,daly,\N,Derek,Daly,Irish,http://en.wikipedia.org/wiki/Derek_Daly
207,mario_andretti,\N,Mario,Andretti,American,http://en.wikipedia.org/wiki/Mario_Andretti
208,villota,\N,Emilio,de Villota,Spanish,http://en.wikipedia.org/wiki/Emilio_de_Villota
209,lees,\N,Geoff,Lees,British,http://en.wikipedia.org/wiki/Geoff_Lees
210,byrne,\N,Tommy,Byrne,Irish,http://en.wikipedia.org/wiki/Tommy_Byrne_%28racing_driver%29
211,keegan,\N,Rupert,Keegan,British,http://en.wikipedia.org/wiki/Rupert_Keegan
212,rebaque,\N,Hector,Rebaque,Mexican,http://en.wikipedia.org/wiki/Hector_Rebaque
213,gabbiani,\N,Beppe,Gabbiani,Italian,http://en.wikipedia.org/wiki/Beppe_Gabbiani
214,cogan,\N,Kevin,Cogan,American,http://en.wikipedia.org/wiki/Kevin_Cogan
215,guerra,\N,Miguel Ángel,Guerra,Argentine,http://en.wikipedia.org/wiki/Miguel_Angel_Guerra
216,stohr,\N,Siegfried,Stohr,Italian,http://en.wikipedia.org/wiki/Siegfried_Stohr
217,zunino,\N,Ricardo,Zunino,Argentine,http://en.wikipedia.org/wiki/Ricardo_Zunino
218,londono,\N,Ricardo,Londoño,Colombian,http://en.wikipedia.org/wiki/Ricardo_Londo%C3%B1o
219,jabouille,\N,Jean-Pierre,Jabouille,French,http://en.wikipedia.org/wiki/Jean-Pierre_Jabouille
220,francia,\N,Giorgio,Francia,Italian,http://en.wikipedia.org/wiki/Giorgio_Francia
221,depailler,\N,Patrick,Depailler,French,http://en.wikipedia.org/wiki/Patrick_Depailler
222,scheckter,\N,Jody,Scheckter,South African,http://en.wikipedia.org/wiki/Jody_Scheckter
223,regazzoni,\N,Clay,Regazzoni,Swiss,http://en.wikipedia.org/wiki/Clay_Regazzoni
224,emerson_fittipaldi,\N,Emerson,Fittipaldi,Brazilian,http://en.wikipedia.org/wiki/Emerson_Fittipaldi
225,kennedy,\N,Dave,Kennedy,Irish,http://en.wikipedia.org/wiki/David_Kennedy_(racing_driver)
226,south,\N,Stephen,South,British,http://en.wikipedia.org/wiki/Stephen_South
227,needell,\N,Tiff,Needell,British,http://en.wikipedia.org/wiki/Tiff_Needell
228,desire_wilson,\N,Desiré,Wilson,South African,http://en.wikipedia.org/wiki/Desir%C3%A9_Wilson
229,ertl,\N,Harald,Ertl,Austrian,http://en.wikipedia.org/wiki/Harald_Ertl
230,brambilla,\N,Vittorio,Brambilla,Italian,http://en.wikipedia.org/wiki/Vittorio_Brambilla
231,hunt,\N,James,Hunt,British,http://en.wikipedia.org/wiki/James_Hunt
232,merzario,\N,Arturo,Merzario,Italian,http://en.wikipedia.org/wiki/Arturo_Merzario
233,stuck,\N,Hans-Joachim,Stuck,German,http://en.wikipedia.org/wiki/Hans_Joachim_Stuck
234,brancatelli,\N,Gianfranco,Brancatelli,Italian,http://en.wikipedia.org/wiki/Gianfranco_Brancatelli
235,ickx,\N,Jacky,Ickx,Belgian,http://en.wikipedia.org/wiki/Jacky_Ickx
236,gaillard,\N,Patrick,Gaillard,French,http://en.wikipedia.org/wiki/Patrick_Gaillard
237,ribeiro,\N,Alex,Ribeiro,Brazilian,http://en.wikipedia.org/wiki/Alex_Ribeiro
238,peterson,\N,Ronnie,Peterson,Swedish,http://en.wikipedia.org/wiki/Ronnie_Peterson
239,lunger,\N,Brett,Lunger,American,http://en.wikipedia.org/wiki/Brett_Lunger
240,ongais,\N,Danny,Ongais,American,http://en.wikipedia.org/wiki/Danny_Ongais
241,leoni,\N,Lamberto,Leoni,Italian,http://en.wikipedia.org/wiki/Lamberto_Leoni
242,galica,\N,Divina,Galica,British,http://en.wikipedia.org/wiki/Divina_Galica
243,stommelen,\N,Rolf,Stommelen,German,http://en.wikipedia.org/wiki/Rolf_Stommelen
244,colombo,\N,Alberto,Colombo,Italian,http://en.wikipedia.org/wiki/Alberto_Colombo
245,trimmer,\N,Tony,Trimmer,British,http://en.wikipedia.org/wiki/Tony_Trimmer
246,binder,\N,Hans,Binder,Austrian,http://en.wikipedia.org/wiki/Hans_Binder
247,bleekemolen,\N,Michael,Bleekemolen,Dutch,http://en.wikipedia.org/wiki/Michael_Bleekemolen
248,gimax,\N,Carlo,Franchi,Italian,http://en.wikipedia.org/wiki/Gimax
249,rahal,\N,Bobby,Rahal,American,http://en.wikipedia.org/wiki/Bobby_Rahal
250,pace,\N,Carlos,Pace,Brazilian,http://en.wikipedia.org/wiki/Carlos_Pace
251,ian_scheckter,\N,Ian,Scheckter,South African,http://en.wikipedia.org/wiki/Ian_Scheckter
252,pryce,\N,Tom,Pryce,British,http://en.wikipedia.org/wiki/Tom_Pryce
253,hoffmann,\N,Ingo,Hoffmann,Brazilian,http://en.wikipedia.org/wiki/Ingo_Hoffmann
254,zorzi,\N,Renzo,Zorzi,Italian,http://en.wikipedia.org/wiki/Renzo_Zorzi
255,nilsson,\N,Gunnar,Nilsson,Swedish,http://en.wikipedia.org/wiki/Gunnar_Nilsson
256,perkins,\N,Larry,Perkins,Australian,http://en.wikipedia.org/wiki/Larry_Perkins
257,hayje,\N,Boy,Lunger,Dutch,http://en.wikipedia.org/wiki/Boy_Hayje
258,neve,\N,Patrick,Nève,Belgian,http://en.wikipedia.org/wiki/Patrick_Neve
259,purley,\N,David,Purley,British,http://en.wikipedia.org/wiki/David_Purley
260,andersson,\N,Conny,Andersson,Swedish,http://en.wikipedia.org/wiki/Conny_Andersson_(racing_driver)
261,dryver,\N,Bernard,de Dryver,Belgian,http://en.wikipedia.org/wiki/Bernard_de_Dryver
262,oliver,\N,Jackie,Oliver,British,http://en.wikipedia.org/wiki/Jackie_Oliver
263,kozarowitzky,\N,Mikko,Kozarowitzky,Finnish,http://en.wikipedia.org/wiki/Mikko_Kozarowitzky
264,sutcliffe,\N,Andy,Sutcliffe,British,http://en.wikipedia.org/wiki/Andy_Sutcliffe
265,edwards,\N,Guy,Edwards,British,http://en.wikipedia.org/wiki/Guy_Edwards
266,mcguire,\N,Brian,McGuire,Australian,http://en.wikipedia.org/wiki/Brian_McGuire
267,schuppan,\N,Vern,Schuppan,Australian,http://en.wikipedia.org/wiki/Vern_Schuppan
268,heyer,\N,Hans,Heyer,German,http://en.wikipedia.org/wiki/Hans_Heyer
269,pilette,\N,Teddy,Pilette,Belgian,http://en.wikipedia.org/wiki/Teddy_Pilette
270,ashley,\N,Ian,Ashley,British,http://en.wikipedia.org/wiki/Ian_Ashley
271,kessel,\N,Loris,Kessel,Swiss,http://en.wikipedia.org/wiki/Loris_Kessel
272,takahashi,\N,Kunimitsu,Takahashi,Japanese,http://en.wikipedia.org/wiki/Kunimitsu_Takahashi
273,hoshino,\N,Kazuyoshi,Hoshino,Japanese,http://en.wikipedia.org/wiki/Kazuyoshi_Hoshino
274,takahara,\N,Noritake,Takahara,Japanese,http://en.wikipedia.org/wiki/Noritake_Takahara
275,lombardi,\N,Lella,Lombardi,Italian,http://en.wikipedia.org/wiki/Lella_Lombardi
276,evans,\N,Bob,Evans,British,http://en.wikipedia.org/wiki/Bob_Evans_(race_driver)
277,leclere,\N,Michel,Leclère,French,http://en.wikipedia.org/wiki/Michel_Lecl%C3%A8re
278,amon,\N,Chris,Amon,New Zealander,http://en.wikipedia.org/wiki/Chris_Amon
279,zapico,\N,Emilio,Zapico,Spanish,http://en.wikipedia.org/wiki/Emilio_Zapico
280,pescarolo,\N,Henri,Pescarolo,French,http://en.wikipedia.org/wiki/Henri_Pescarolo
281,nelleman,\N,Jac,Nelleman,Danish,http://en.wikipedia.org/wiki/Jac_Nelleman
282,magee,\N,Damien,Magee,British,http://en.wikipedia.org/wiki/Damien_Magee
283,wilds,\N,Mike,Wilds,British,http://en.wikipedia.org/wiki/Mike_Wilds
284,pesenti_rossi,\N,Alessandro,Pesenti-Rossi,Italian,http://en.wikipedia.org/wiki/Alessandro_Pesenti-Rossi
285,stuppacher,\N,Otto,Stuppacher,Austrian,http://en.wikipedia.org/wiki/Otto_Stuppacher
286,brown,\N,Warwick,Brown,Australian,http://en.wikipedia.org/wiki/Warwick_Brown
287,hasemi,\N,Masahiro,Hasemi,Japanese,http://en.wikipedia.org/wiki/Masahiro_Hasemi
288,donohue,\N,Mark,Donohue,American,http://en.wikipedia.org/wiki/Mark_Donohue
289,hill,\N,Graham,Hill,British,http://en.wikipedia.org/wiki/Graham_Hill
290,wilson_fittipaldi,\N,Wilson,Fittipaldi,Brazilian,http://en.wikipedia.org/wiki/Wilson_Fittipaldi
291,tunmer,\N,Guy,Tunmer,South African,http://en.wikipedia.org/wiki/Guy_Tunmer
292,keizan,\N,Eddie,Keizan,South African,http://en.wikipedia.org/wiki/Eddie_Keizan
293,charlton,\N,Dave,Charlton,South African,http://en.wikipedia.org/wiki/Dave_Charlton
294,brise,\N,Tony,Brise,British,http://en.wikipedia.org/wiki/Tony_Brise
295,wunderink,\N,Roelof,Wunderink,Dutch,http://en.wikipedia.org/wiki/Roelof_Wunderink
296,migault,\N,François,Migault,French,http://en.wikipedia.org/wiki/Fran%C3%A7ois_Migault
297,palm,\N,Torsten,Palm,Swedish,http://en.wikipedia.org/wiki/Torsten_Palm
298,lennep,\N,Gijs,van Lennep,Dutch,http://en.wikipedia.org/wiki/Gijs_Van_Lennep
299,fushida,\N,Hiroshi,Fushida,Japanese,http://en.wikipedia.org/wiki/Hiroshi_Fushida
300,nicholson,\N,John,Nicholson,New Zealander,http://en.wikipedia.org/wiki/John_Nicholson_(racing_driver)
301,morgan,\N,Dave,Morgan,British,http://en.wikipedia.org/wiki/Dave_Morgan_(racing_driver)
302,crawford,\N,Jim,Crawford,British,http://en.wikipedia.org/wiki/Jim_Crawford_(driver)
303,vonlanthen,\N,Jo,Vonlanthen,Swiss,http://en.wikipedia.org/wiki/Jo_Vonlanthen
304,hulme,\N,Denny,Hulme,New Zealander,http://en.wikipedia.org/wiki/Denny_Hulme
305,hailwood,\N,Mike,Hailwood,British,http://en.wikipedia.org/wiki/Mike_Hailwood
306,beltoise,\N,Jean-Pierre,Beltoise,French,http://en.wikipedia.org/wiki/Jean-Pierre_Beltoise
307,ganley,\N,Howden,Ganley,New Zealander,http://en.wikipedia.org/wiki/Howden_Ganley
308,robarts,\N,Richard,Robarts,British,http://en.wikipedia.org/wiki/Richard_Robarts
309,revson,\N,Peter,Revson,American,http://en.wikipedia.org/wiki/Peter_Revson
310,driver,\N,Paddy,Driver,South African,http://en.wikipedia.org/wiki/Paddy_Driver
311,belso,\N,Tom,Belsø,Danish,http://en.wikipedia.org/wiki/Tom_Bels%C3%B8
312,redman,\N,Brian,Redman,British,http://en.wikipedia.org/wiki/Brian_Redman
313,opel,\N,Rikky,von Opel,Liechtensteiner,http://en.wikipedia.org/wiki/Rikky_von_Opel
314,schenken,\N,Tim,Schenken,Australian,http://en.wikipedia.org/wiki/Tim_Schenken
315,larrousse,\N,Gérard,Larrousse,French,http://en.wikipedia.org/wiki/G%C3%A9rard_Larrousse
316,kinnunen,\N,Leo,Kinnunen,Finnish,http://en.wikipedia.org/wiki/Leo_Kinnunen
317,wisell,\N,Reine,Wisell,Swedish,http://en.wikipedia.org/wiki/Reine_Wisell
318,roos,\N,Bertil,Roos,Swedish,http://en.wikipedia.org/wiki/Bertil_Roos
319,dolhem,\N,José,Dolhem,French,http://en.wikipedia.org/wiki/Jos%C3%A9_Dolhem
320,gethin,\N,Peter,Gethin,British,http://en.wikipedia.org/wiki/Peter_Gethin
321,bell,\N,Derek,Bell,British,http://en.wikipedia.org/wiki/Derek_Bell_(auto_racer)
322,hobbs,\N,David,Hobbs,British,http://en.wikipedia.org/wiki/David_Hobbs_(racing_driver)
323,quester,\N,Dieter,Quester,Austrian,http://en.wikipedia.org/wiki/Dieter_Quester
324,koinigg,\N,Helmuth,Koinigg,Austrian,http://en.wikipedia.org/wiki/Helmuth_Koinigg
325,facetti,\N,Carlo,Facetti,Italian,http://en.wikipedia.org/wiki/Carlo_Facetti
326,wietzes,\N,Eppie,Wietzes,Canadian,http://en.wikipedia.org/wiki/Eppie_Wietzes
327,cevert,\N,François,Cevert,French,http://en.wikipedia.org/wiki/Fran%C3%A7ois_Cevert
328,stewart,\N,Jackie,Stewart,British,http://en.wikipedia.org/wiki/Jackie_Stewart
329,beuttler,\N,Mike,Beuttler,British,http://en.wikipedia.org/wiki/Mike_Beuttler
330,galli,\N,Nanni,Galli,Italian,http://en.wikipedia.org/wiki/Nanni_Galli
331,bueno,\N,Luiz,Bueno,Brazilian,http://en.wikipedia.org/wiki/Luiz_Bueno
332,follmer,\N,George,Follmer,American,http://en.wikipedia.org/wiki/George_Follmer
333,adamich,\N,Andrea,de Adamich,Italian,http://en.wikipedia.org/wiki/Andrea_de_Adamich
334,pretorius,\N,Jackie,Pretorius,South African,http://en.wikipedia.org/wiki/Jackie_Pretorius
335,williamson,\N,Roger,Williamson,British,http://en.wikipedia.org/wiki/Roger_Williamson
336,mcrae,\N,Graham,McRae,New Zealander,http://en.wikipedia.org/wiki/Graham_McRae
337,marko,\N,Helmut,Marko,Austrian,http://en.wikipedia.org/wiki/Helmut_Marko
338,walker,\N,David,Walker,Australian,http://en.wikipedia.org/wiki/David_Walker_(racing_driver)
339,roig,\N,Alex,Soler-Roig,Spanish,http://en.wikipedia.org/wiki/Alex_Soler-Roig
340,love,\N,John,Love,Rhodesian,http://en.wikipedia.org/wiki/John_Love_(racing_driver)
341,surtees,\N,John,Surtees,British,http://en.wikipedia.org/wiki/John_Surtees
342,barber,\N,Skip,Barber,American,http://en.wikipedia.org/wiki/Skip_Barber
343,brack,\N,Bill,Brack,Canadian,http://en.wikipedia.org/wiki/Bill_Brack
344,posey,\N,Sam,Posey,American,http://en.wikipedia.org/wiki/Sam_Posey
345,rodriguez,\N,Pedro,Rodríguez,Mexican,http://en.wikipedia.org/wiki/Pedro_Rodr%C3%ADguez_(racing_driver)
346,siffert,\N,Jo,Siffert,Swiss,http://en.wikipedia.org/wiki/Jo_Siffert
347,bonnier,\N,Jo,Bonnier,Swedish,http://en.wikipedia.org/wiki/Joakim_Bonnier
348,mazet,\N,François,Mazet,French,http://en.wikipedia.org/wiki/Fran%C3%A7ois_Mazet
349,jean,\N,Max,Jean,French,http://en.wikipedia.org/wiki/Max_Jean
350,elford,\N,Vic,Elford,British,http://en.wikipedia.org/wiki/Vic_Elford
351,moser,\N,Silvio,Moser,Swiss,http://en.wikipedia.org/wiki/Silvio_Moser
352,eaton,\N,George,Eaton,Canadian,http://en.wikipedia.org/wiki/George_Eaton
353,lovely,\N,Pete,Lovely,American,http://en.wikipedia.org/wiki/Pete_Lovely
354,craft,\N,Chris,Craft,British,http://en.wikipedia.org/wiki/Chris_Craft_(racing_driver)
355,Cannoc,\N,John,Cannon,Canadian,http://en.wikipedia.org/wiki/John_Cannon_(auto_racer)
356,jack_brabham,\N,Jack,Brabham,Australian,http://en.wikipedia.org/wiki/Jack_Brabham
357,miles,\N,John,Miles,British,http://en.wikipedia.org/wiki/John_Miles_(auto_racer)
358,rindt,\N,Jochen,Rindt,Austrian,http://en.wikipedia.org/wiki/Jochen_Rindt
359,gavin,\N,Johnny,Servoz-Gavin,French,http://en.wikipedia.org/wiki/Johnny_Servoz-Gavin
360,mclaren,\N,Bruce,McLaren,New Zealander,http://en.wikipedia.org/wiki/Bruce_McLaren
361,courage,\N,Piers,Courage,British,http://en.wikipedia.org/wiki/Piers_Courage
362,klerk,\N,Peter,de Klerk,South African,http://en.wikipedia.org/wiki/Peter_de_Klerk
363,giunti,\N,Ignazio,Giunti,Italian,http://en.wikipedia.org/wiki/Ignazio_Giunti
364,gurney,\N,Dan,Gurney,American,http://en.wikipedia.org/wiki/Dan_Gurney
365,hahne,\N,Hubert,Hahne,German,http://en.wikipedia.org/wiki/Hubert_Hahne
366,hutchison,\N,Gus,Hutchison,American,http://en.wikipedia.org/wiki/Gus_Hutchison
367,westbury,\N,Peter,Westbury,British,http://en.wikipedia.org/wiki/Peter_Westbury
368,tingle,\N,Sam,Tingle,Rhodesian,http://en.wikipedia.org/wiki/Sam_Tingle
369,rooyen,\N,Basil,van Rooyen,South African,http://en.wikipedia.org/wiki/Basil_van_Rooyen
370,attwood,\N,Richard,Attwood,British,http://en.wikipedia.org/wiki/Richard_Attwood
371,pease,\N,Al,Pease,Canadian,http://en.wikipedia.org/wiki/Al_Pease
372,cordts,\N,John,Cordts,Canadian,http://en.wikipedia.org/wiki/John_Cordts
373,clark,\N,Jim,Clark,British,http://en.wikipedia.org/wiki/Jim_Clark
374,spence,\N,Mike,Spence,British,http://en.wikipedia.org/wiki/Mike_Spence
375,scarfiotti,\N,Ludovico,Scarfiotti,Italian,http://en.wikipedia.org/wiki/Ludovico_Scarfiotti
376,bianchi,BIA,Lucien,Bianchi,Belgian,http://en.wikipedia.org/wiki/Lucien_Bianchi
377,jo_schlesser,\N,Jo,Schlesser,French,http://en.wikipedia.org/wiki/Jo_Schlesser
378,widdows,\N,Robin,Widdows,British,http://en.wikipedia.org/wiki/Robin_Widdows
379,ahrens,\N,Kurt,Ahrens,German,"http://en.wikipedia.org/wiki/Kurt_Ahrens,_Jr."
380,gardner,\N,Frank,Gardner,Australian,http://en.wikipedia.org/wiki/Frank_Gardner_(driver)
381,unser,\N,Bobby,Unser,American,http://en.wikipedia.org/wiki/Bobby_Unser
382,solana,\N,Moisés,Solana,Mexican,http://en.wikipedia.org/wiki/Mois%C3%A9s_Solana
383,anderson,\N,Bob,Anderson,British,http://en.wikipedia.org/wiki/Bob_Anderson_(racing_driver)
384,botha,\N,Luki,Botha,South African,http://en.wikipedia.org/wiki/Luki_Botha
385,bandini,\N,Lorenzo,Bandini,Italian,http://en.wikipedia.org/wiki/Lorenzo_Bandini
386,ginther,\N,Richie,Ginther,American,http://en.wikipedia.org/wiki/Richie_Ginther
387,parkes,\N,Mike,Parkes,British,http://en.wikipedia.org/wiki/Mike_Parkes
388,irwin,\N,Chris,Irwin,British,http://en.wikipedia.org/wiki/Chris_Irwin
389,ligier,\N,Guy,Ligier,French,http://en.wikipedia.org/wiki/Guy_Ligier
390,rees,\N,Alan,Rees,British,http://en.wikipedia.org/wiki/Alan_Rees_(racing_driver)
391,hart,\N,Brian,Hart,British,http://en.wikipedia.org/wiki/Brian_Hart
392,fisher,\N,Mike,Fisher,American,http://en.wikipedia.org/wiki/Mike_Fisher_(driver)
393,tom_jones,\N,Tom,Jones,American,http://en.wikipedia.org/wiki/Tom_Jones_(auto_racer)
394,baghetti,\N,Giancarlo,Baghetti,Italian,http://en.wikipedia.org/wiki/Giancarlo_Baghetti
395,williams,\N,Jonathan,Williams,British,http://en.wikipedia.org/wiki/Jonathan_Williams_(racing_driver)
396,bondurant,\N,Bob,Bondurant,American,http://en.wikipedia.org/wiki/Bob_Bondurant
397,arundell,\N,Peter,Arundell,British,http://en.wikipedia.org/wiki/Peter_Arundell
398,vic_wilson,\N,Vic,Wilson,British,http://en.wikipedia.org/wiki/Vic_Wilson_(motor_racing_driver)
399,taylor,\N,John,Taylor,British,http://en.wikipedia.org/wiki/John_Taylor_(racer)
400,lawrence,\N,Chris,Lawrence,British,http://en.wikipedia.org/wiki/Chris_Lawrence_(racing_driver)
401,trevor_taylor,\N,Trevor,Taylor,British,http://en.wikipedia.org/wiki/Trevor_Taylor
402,geki,\N,Giacomo,Russo,Italian,http://en.wikipedia.org/wiki/Geki_(driver)
403,phil_hill,\N,Phil,Hill,American,http://en.wikipedia.org/wiki/Phil_Hill
404,ireland,\N,Innes,Ireland,British,http://en.wikipedia.org/wiki/Innes_Ireland
405,bucknum,\N,Ronnie,Bucknum,American,http://en.wikipedia.org/wiki/Ronnie_Bucknum
406,hawkins,\N,Paul,Hawkins,Australian,http://en.wikipedia.org/wiki/Paul_Hawkins_(racing_driver)
407,prophet,\N,David,Prophet,British,http://en.wikipedia.org/wiki/David_Prophet
408,maggs,\N,Tony,Maggs,South African,http://en.wikipedia.org/wiki/Tony_Maggs
409,blokdyk,\N,Trevor,Blokdyk,South African,http://en.wikipedia.org/wiki/Trevor_Blokdyk
410,lederle,\N,Neville,Lederle,South African,http://en.wikipedia.org/wiki/Neville_Lederle
411,serrurier,\N,Doug,Serrurier,South African,http://en.wikipedia.org/wiki/Doug_Serrurier
412,niemann,\N,Brausch,Niemann,South African,http://en.wikipedia.org/wiki/Brausch_Niemann
413,pieterse,\N,Ernie,Pieterse,South African,http://en.wikipedia.org/wiki/Ernie_Pieterse
414,puzey,\N,Clive,Puzey,Rhodesian,http://en.wikipedia.org/wiki/Clive_Puzey
415,reed,\N,Ray,Reed,South African,http://en.wikipedia.org/wiki/Ray_Reed
416,clapham,\N,David,Clapham,South African,http://en.wikipedia.org/wiki/David_Clapham
417,blignaut,\N,Alex,Blignaut,South African,http://en.wikipedia.org/wiki/Alex_Blignaut
418,gregory,\N,Masten,Gregory,American,http://en.wikipedia.org/wiki/Masten_Gregory
419,rhodes,\N,John,Rhodes,British,http://en.wikipedia.org/wiki/John_Rhodes_(driver)
420,raby,\N,Ian,Raby,British,http://en.wikipedia.org/wiki/Ian_Raby
421,rollinson,\N,Alan,Rollinson,British,http://en.wikipedia.org/wiki/Alan_Rollinson
422,gubby,\N,Brian,Gubby,British,http://en.wikipedia.org/wiki/Brian_Gubby
423,mitter,\N,Gerhard,Mitter,German,http://en.wikipedia.org/wiki/Gerhard_Mitter
424,bussinello,\N,Roberto,Bussinello,Italian,http://en.wikipedia.org/wiki/Roberto_Bussinello
425,vaccarella,\N,Nino,Vaccarella,Italian,http://en.wikipedia.org/wiki/Nino_Vaccarella
426,bassi,\N,Giorgio,Bassi,Italian,http://en.wikipedia.org/wiki/Giorgio_Bassi
427,trintignant,\N,Maurice,Trintignant,French,http://en.wikipedia.org/wiki/Maurice_Trintignant
428,collomb,\N,Bernard,Collomb,French,http://en.wikipedia.org/wiki/Bernard_Collomb
429,andre_pilette,\N,André,Pilette,Belgian,http://en.wikipedia.org/wiki/Andr%C3%A9_Pilette
430,beaufort,\N,Carel Godin,de Beaufort,Dutch,http://en.wikipedia.org/wiki/Carel_Godin_de_Beaufort
431,barth,\N,Edgar,Barth,German,http://en.wikipedia.org/wiki/Edgar_Barth
432,cabral,\N,Mário de Araújo,Cabral,Portuguese,http://en.wikipedia.org/wiki/Mario_de_Araujo_Cabral
433,hansgen,\N,Walt,Hansgen,American,http://en.wikipedia.org/wiki/Walt_Hansgen
434,sharp,\N,Hap,Sharp,American,http://en.wikipedia.org/wiki/Hap_Sharp
435,mairesse,\N,Willy,Mairesse,Belgian,http://en.wikipedia.org/wiki/Willy_Mairesse
436,campbell-jones,\N,John,Campbell-Jones,British,http://en.wikipedia.org/wiki/John_Campbell-Jones
437,burgess,\N,Ian,Burgess,British,http://en.wikipedia.org/wiki/Ian_Burgess
438,settember,\N,Tony,Settember,American,http://en.wikipedia.org/wiki/Tony_Settember
439,estefano,\N,Nasif,Estéfano,Argentine,http://en.wikipedia.org/wiki/Nasif_Est%C3%A9fano
440,hall,\N,Jim,Hall,American,http://en.wikipedia.org/wiki/Jim_Hall_(race_car_driver)
441,parnell,\N,Tim,Parnell,British,http://en.wikipedia.org/wiki/Tim_Parnell
442,kuhnke,\N,Kurt,Kuhnke,German,http://en.wikipedia.org/wiki/Kurt_Kuhnke
443,ernesto_brambilla,\N,Ernesto,Brambilla,Italian,http://en.wikipedia.org/wiki/Ernesto_Brambilla
444,lippi,\N,Roberto,Lippi,Italian,http://en.wikipedia.org/wiki/Roberto_Lippi
445,seiffert,\N,Günther,Seiffert,German,http://en.wikipedia.org/wiki/G%C3%BCnther_Seiffert
446,abate,\N,Carlo,Abate,Italian,http://en.wikipedia.org/wiki/Carlo_Mario_Abate
447,starrabba,\N,Gaetano,Starrabba,Italian,http://en.wikipedia.org/wiki/Gaetano_Starrabba
448,broeker,\N,Peter,Broeker,Canadian,http://en.wikipedia.org/wiki/Peter_Broeker
449,ward,\N,Rodger,Ward,American,http://en.wikipedia.org/wiki/Rodger_Ward
450,vos,\N,Ernie,de Vos,Dutch,http://en.wikipedia.org/wiki/Ernie_de_Vos
451,dochnal,\N,Frank,Dochnal,American,http://en.wikipedia.org/wiki/Frank_Dochnal
452,monarch,\N,Thomas,Monarch,American,http://en.wikipedia.org/wiki/Talk:1963_Mexican_Grand_Prix#Who_was_Thomas_Monarch.3F
842,gasly,GAS,Pierre,Gasly,French,http://en.wikipedia.org/wiki/Pierre_Gasly
453,lewis,\N,Jackie,Lewis,British,http://en.wikipedia.org/wiki/Jackie_Lewis
454,ricardo_rodriguez,\N,Ricardo,Rodríguez,Mexican,http://en.wikipedia.org/wiki/Ricardo_Rodr%C3%ADguez_(Formula_One)
455,seidel,\N,Wolfgang,Seidel,German,http://en.wikipedia.org/wiki/Wolfgang_Seidel
456,salvadori,\N,Roy,Salvadori,British,http://en.wikipedia.org/wiki/Roy_Salvadori
457,pon,\N,Ben,Pon,Dutch,http://en.wikipedia.org/wiki/Ben_Pon
458,slotemaker,\N,Rob,Slotemaker,Dutch,http://en.wikipedia.org/wiki/Rob_Slotemaker
459,marsh,\N,Tony,Marsh,British,http://en.wikipedia.org/wiki/Tony_Marsh_(racing_driver)
460,ashmore,\N,Gerry,Ashmore,British,http://en.wikipedia.org/wiki/Gerry_Ashmore
461,schiller,\N,Heinz,Schiller,Swiss,http://en.wikipedia.org/wiki/Heinz_Schiller
462,davis,\N,Colin,Davis,British,http://en.wikipedia.org/wiki/Colin_Davis_(driver)
463,chamberlain,\N,Jay,Chamberlain,American,http://en.wikipedia.org/wiki/Jay_Chamberlain
464,shelly,\N,Tony,Shelly,New Zealander,http://en.wikipedia.org/wiki/Tony_Shelly
465,greene,\N,Keith,Greene,British,http://en.wikipedia.org/wiki/Keith_Greene
466,walter,\N,Heini,Walter,Swiss,http://en.wikipedia.org/wiki/Heini_Walter
467,prinoth,\N,Ernesto,Prinoth,Italian,http://en.wikipedia.org/wiki/Ernesto_Prinoth
468,penske,\N,Roger,Penske,American,http://en.wikipedia.org/wiki/Roger_Penske
469,schroeder,\N,Rob,Schroeder,British,http://en.wikipedia.org/wiki/Rob_Schroeder
470,mayer,\N,Timmy,Mayer,American,http://en.wikipedia.org/wiki/Timmy_Mayer
471,johnstone,\N,Bruce,Johnstone,South African,http://en.wikipedia.org/wiki/Bruce_Johnstone_(racing_driver)
472,harris,\N,Mike,Harris,South African,http://en.wikipedia.org/wiki/Mike_Harris_(race_car_driver)
473,hocking,\N,Gary,Hocking,Rhodesian,http://en.wikipedia.org/wiki/Gary_Hocking
474,vyver,\N,Syd,van der Vyver,South African,http://en.wikipedia.org/wiki/Syd_van_der_Vyver
475,moss,\N,Stirling,Moss,British,http://en.wikipedia.org/wiki/Stirling_Moss
476,trips,\N,Wolfgang,von Trips,German,http://en.wikipedia.org/wiki/Wolfgang_Graf_Berghe_von_Trips
477,allison,\N,Cliff,Allison,British,http://en.wikipedia.org/wiki/Cliff_Allison
478,herrmann,\N,Hans,Herrmann,German,http://en.wikipedia.org/wiki/Hans_Herrmann
479,brooks,\N,Tony,Brooks,British,http://en.wikipedia.org/wiki/Tony_Brooks
480,may,\N,Michael,May,Swiss,http://en.wikipedia.org/wiki/Michael_May_(racing_driver)
481,henry_taylor,\N,Henry,Taylor,British,http://en.wikipedia.org/wiki/Henry_Taylor_(racing_driver)
482,gendebien,\N,Olivier,Gendebien,Belgian,http://en.wikipedia.org/wiki/Olivier_Gendebien
483,scarlatti,\N,Giorgio,Scarlatti,Italian,http://en.wikipedia.org/wiki/Giorgio_Scarlatti
484,naylor,\N,Brian,Naylor,British,http://en.wikipedia.org/wiki/Brian_Naylor
485,bordeu,\N,Juan Manuel,Bordeu,Argentine,http://en.wikipedia.org/wiki/Juan_Manuel_Bordeu
486,fairman,\N,Jack,Fairman,British,http://en.wikipedia.org/wiki/Jack_Fairman
487,natili,\N,Massimo,Natili,Italian,http://en.wikipedia.org/wiki/Massimo_Natili
488,monteverdi,\N,Peter,Monteverdi,Swiss,http://en.wikipedia.org/wiki/Peter_Monteverdi
489,pirocchi,\N,Renato,Pirocchi,Italian,http://en.wikipedia.org/wiki/Renato_Pirocchi
490,duke,\N,Geoff,Duke,British,http://en.wikipedia.org/wiki/Geoff_Duke
491,thiele,\N,Alfonso,Thiele,American-Italian,http://en.wikipedia.org/wiki/Alfonso_Thiele
492,boffa,\N,Menato,Boffa,Italian,http://en.wikipedia.org/wiki/Menato_Boffa
493,ryan,\N,Peter,Ryan,Canadian,http://en.wikipedia.org/wiki/Peter_Ryan_(driver)
494,ruby,\N,Lloyd,Ruby,American,http://en.wikipedia.org/wiki/Lloyd_Ruby
495,ken_miles,\N,Ken,Miles,British,http://en.wikipedia.org/wiki/Ken_Miles
496,menditeguy,\N,Carlos,Menditeguy,Argentine,http://en.wikipedia.org/wiki/Carlos_Menditeguy
497,larreta,\N,Alberto Rodriguez,Larreta,Argentine,http://en.wikipedia.org/wiki/Alberto_Rodriguez_Larreta
498,gonzalez,\N,José Froilán,González,Argentine,http://en.wikipedia.org/wiki/Jos%C3%A9_Froil%C3%A1n_Gonz%C3%A1lez
499,bonomi,\N,Roberto,Bonomi,Argentine,http://en.wikipedia.org/wiki/Roberto_Bonomi
500,munaron,\N,Gino,Munaron,Italian,http://en.wikipedia.org/wiki/Gino_Munaron
501,schell,\N,Harry,Schell,American,http://en.wikipedia.org/wiki/Harry_Schell
502,stacey,\N,Alan,Stacey,British,http://en.wikipedia.org/wiki/Alan_Stacey
503,chimeri,\N,Ettore,Chimeri,Venezuelan,http://en.wikipedia.org/wiki/Ettore_Chimeri
504,creus,\N,Antonio,Creus,Spanish,http://en.wikipedia.org/wiki/Antonio_Creus
505,bristow,\N,Chris,Bristow,British,http://en.wikipedia.org/wiki/Chris_Bristow
506,halford,\N,Bruce,Halford,British,http://en.wikipedia.org/wiki/Bruce_Halford
507,daigh,\N,Chuck,Daigh,American,http://en.wikipedia.org/wiki/Chuck_Daigh
508,reventlow,\N,Lance,Reventlow,American,http://en.wikipedia.org/wiki/Lance_Reventlow
509,rathmann,\N,Jim,Rathmann,American,http://en.wikipedia.org/wiki/Jim_Rathmann
510,goldsmith,\N,Paul,Goldsmith,American,http://en.wikipedia.org/wiki/Paul_Goldsmith
511,branson,\N,Don,Branson,American,http://en.wikipedia.org/wiki/Don_Branson
512,thomson,\N,Johnny,Thomson,American,http://en.wikipedia.org/wiki/Johnny_Thomson
513,johnson,\N,Eddie,Johnson,American,http://en.wikipedia.org/wiki/Eddie_Johnson_(auto_racer)
514,veith,\N,Bob,Veith,American,http://en.wikipedia.org/wiki/Bob_Veith
515,tingelstad,\N,Bud,Tingelstad,American,http://en.wikipedia.org/wiki/Bud_Tingelstad
516,christie,\N,Bob,Christie,American,http://en.wikipedia.org/wiki/Bob_Christie_(racing_driver)
517,amick,\N,Red,Amick,American,http://en.wikipedia.org/wiki/Red_Amick
518,darter,\N,Duane,Carter,American,http://en.wikipedia.org/wiki/Duane_Carter
519,homeier,\N,Bill,Homeier,American,http://en.wikipedia.org/wiki/Bill_Homeier
520,hartley,\N,Gene,Hartley,American,http://en.wikipedia.org/wiki/Gene_Hartley
521,stevenson,\N,Chuck,Stevenson,American,http://en.wikipedia.org/wiki/Chuck_Stevenson
522,grim,\N,Bobby,Grim,American,http://en.wikipedia.org/wiki/Bobby_Grim
523,templeman,\N,Shorty,Templeman,American,http://en.wikipedia.org/wiki/Shorty_Templeman
524,hurtubise,\N,Jim,Hurtubise,American,http://en.wikipedia.org/wiki/Jim_Hurtubise
525,bryan,\N,Jimmy,Bryan,American,http://en.wikipedia.org/wiki/Jimmy_Bryan
526,ruttman,\N,Troy,Ruttman,American,http://en.wikipedia.org/wiki/Troy_Ruttman
527,sachs,\N,Eddie,Sachs,American,http://en.wikipedia.org/wiki/Eddie_Sachs
528,freeland,\N,Don,Freeland,American,http://en.wikipedia.org/wiki/Don_Freeland
529,bettenhausen,\N,Tony,Bettenhausen,American,http://en.wikipedia.org/wiki/Tony_Bettenhausen
530,weiler,\N,Wayne,Weiler,American,http://en.wikipedia.org/wiki/Wayne_Weiler
531,foyt,\N,Anthony,Foyt,American,http://en.wikipedia.org/wiki/A.J._Foyt
532,russo,\N,Eddie,Russo,American,http://en.wikipedia.org/wiki/Eddie_Russo
533,boyd,\N,Johnny,Boyd,American,http://en.wikipedia.org/wiki/Johnny_Boyd
534,force,\N,Gene,Force,American,http://en.wikipedia.org/wiki/Gene_Force
535,mcwithey,\N,Jim,McWithey,American,http://en.wikipedia.org/wiki/Jim_McWithey
536,sutton,\N,Len,Sutton,American,http://en.wikipedia.org/wiki/Len_Sutton
537,dick_rathmann,\N,Dick,Rathmann,American,http://en.wikipedia.org/wiki/Dick_Rathmann
538,herman,\N,Al,Herman,American,http://en.wikipedia.org/wiki/Al_Herman
539,dempsey_wilson,\N,Dempsey,Wilson,American,http://en.wikipedia.org/wiki/Dempsey_Wilson
540,mike_taylor,\N,Mike,Taylor,British,http://en.wikipedia.org/wiki/Mike_Taylor_(driver)
541,flockhart,\N,Ron,Flockhart,British,http://en.wikipedia.org/wiki/Ron_Flockhart_(auto_racing)
542,piper,\N,David,Piper,British,http://en.wikipedia.org/wiki/David_Piper
543,cabianca,\N,Giulio,Cabianca,Italian,http://en.wikipedia.org/wiki/Giulio_Cabianca
544,drogo,\N,Piero,Drogo,Italian,http://en.wikipedia.org/wiki/Piero_Drogo
545,gamble,\N,Fred,Gamble,American,http://en.wikipedia.org/wiki/Fred_Gamble_(racing_driver)
546,owen,\N,Arthur,Owen,British,http://en.wikipedia.org/wiki/Arthur_Owen
547,gould,\N,Horace,Gould,British,http://en.wikipedia.org/wiki/Horace_Gould
548,drake,\N,Bob,Drake,American,http://en.wikipedia.org/wiki/Bob_Drake_(Formula_One)
549,bueb,\N,Ivor,Bueb,British,http://en.wikipedia.org/wiki/Ivor_Bueb
550,Changy,\N,Alain,de Changy,Belgian,http://en.wikipedia.org/wiki/Alain_de_Changy
551,filippis,\N,Maria,de Filippis,Italian,http://en.wikipedia.org/wiki/Maria_Teresa_de_Filippis
552,lucienbonnet,\N,Jean,Lucienbonnet,French,http://en.wikipedia.org/wiki/Jean_Lucienbonnet
553,testut,\N,André,Testut,Monegasque,http://en.wikipedia.org/wiki/Andr%C3%A9_Testut
554,behra,\N,Jean,Behra,French,http://en.wikipedia.org/wiki/Jean_Behra
555,paul_russo,\N,Paul,Russo,American,http://en.wikipedia.org/wiki/Paul_Russo
556,daywalt,\N,Jimmy,Daywalt,American,http://en.wikipedia.org/wiki/Jimmy_Daywalt
557,arnold,\N,Chuck,Arnold,American,http://en.wikipedia.org/wiki/Chuck_Arnold
558,keller,\N,Al,Keller,American,http://en.wikipedia.org/wiki/Al_Keller
559,flaherty,\N,Pat,Flaherty,American,http://en.wikipedia.org/wiki/Pat_Flaherty_(racing_driver)
560,cheesbourg,\N,Bill,Cheesbourg,American,http://en.wikipedia.org/wiki/Bill_Cheesbourg
561,ray_crawford,\N,Ray,Crawford,American,http://en.wikipedia.org/wiki/Ray_Crawford
562,turner,\N,Jack,Turner,American,http://en.wikipedia.org/wiki/Jack_Turner_(driver)
563,weyant,\N,Chuck,Weyant,American,http://en.wikipedia.org/wiki/Chuck_Weyant
564,larson,\N,Jud,Larson,American,http://en.wikipedia.org/wiki/Jud_Larson
565,magill,\N,Mike,Magill,American,http://en.wikipedia.org/wiki/Mike_Magill
566,shelby,\N,Carroll,Shelby,American,http://en.wikipedia.org/wiki/Carroll_Shelby
567,orey,\N,Fritz,d'Orey,Brazilian,http://en.wikipedia.org/wiki/Fritz_d%27Orey
568,fontes,\N,Azdrubal,Fontes,Uruguayan,http://en.wikipedia.org/wiki/Azdrubal_Fontes
569,ashdown,\N,Peter,Ashdown,British,http://en.wikipedia.org/wiki/Peter_Ashdown
570,bill_moss,\N,Bill,Moss,British,http://en.wikipedia.org/wiki/Bill_Moss_(racing_driver)
571,dennis_taylor,\N,Dennis,Taylor,British,http://en.wikipedia.org/wiki/Dennis_Taylor_(racing_driver)
572,blanchard,\N,Harry,Blanchard,American,http://en.wikipedia.org/wiki/Harry_Blanchard
573,tomaso,\N,Alessandro,de Tomaso,Argentine-Italian,http://en.wikipedia.org/wiki/Alessandro_de_Tomaso
574,constantine,\N,George,Constantine,American,http://en.wikipedia.org/wiki/George_Constantine
575,said,\N,Bob,Said,American,http://en.wikipedia.org/wiki/Bob_Said
576,cade,\N,Phil,Cade,American,http://en.wikipedia.org/wiki/Phil_Cade
577,musso,\N,Luigi,Musso,Italian,http://en.wikipedia.org/wiki/Luigi_Musso
578,hawthorn,\N,Mike,Hawthorn,British,http://en.wikipedia.org/wiki/Mike_Hawthorn
579,fangio,\N,Juan,Fangio,Argentine,http://en.wikipedia.org/wiki/Juan_Manuel_Fangio
580,godia,\N,Paco,Godia,Spanish,http://en.wikipedia.org/wiki/Paco_Godia
581,collins,\N,Peter,Collins,British,http://en.wikipedia.org/wiki/Peter_Collins_(racing_driver)
582,kavanagh,\N,Ken,Kavanagh,Australian,http://en.wikipedia.org/wiki/Ken_Kavanagh
583,gerini,\N,Gerino,Gerini,Italian,http://en.wikipedia.org/wiki/Gerino_Gerini_(racing_driver)
584,kessler,\N,Bruce,Kessler,American,http://en.wikipedia.org/wiki/Bruce_Kessler
585,emery,\N,Paul,Emery,British,http://en.wikipedia.org/wiki/Paul_Emery
586,piotti,\N,Luigi,Piotti,Italian,http://en.wikipedia.org/wiki/Luigi_Piotti
587,ecclestone,\N,Bernie,Ecclestone,British,http://en.wikipedia.org/wiki/Bernie_Ecclestone
588,taramazzo,\N,Luigi,Taramazzo,Italian,http://en.wikipedia.org/wiki/Luigi_Taramazzo
589,chiron,\N,Louis,Chiron,Monegasque,http://en.wikipedia.org/wiki/Louis_Chiron
590,lewis-evans,\N,Stuart,Lewis-Evans,British,http://en.wikipedia.org/wiki/Stuart_Lewis-Evans
591,george_amick,\N,George,Amick,American,http://en.wikipedia.org/wiki/George_Amick
592,reece,\N,Jimmy,Reece,American,http://en.wikipedia.org/wiki/Jimmy_Reece
593,parsons,\N,Johnnie,Parsons,American,http://en.wikipedia.org/wiki/Johnnie_Parsons
594,tolan,\N,Johnnie,Tolan,American,http://en.wikipedia.org/wiki/Johnnie_Tolan
595,garrett,\N,Billy,Garrett,American,http://en.wikipedia.org/wiki/Billy_Garrett
596,elisian,\N,Ed,Elisian,American,http://en.wikipedia.org/wiki/Ed_Elisian
597,connor,\N,Pat,O'Connor,American,http://en.wikipedia.org/wiki/Pat_O%27Connor_(auto_racer)
598,jerry_unser,\N,Jerry,Unser,American,http://en.wikipedia.org/wiki/Jerry_Unser
599,bisch,\N,Art,Bisch,American,http://en.wikipedia.org/wiki/Art_Bisch
600,goethals,\N,Christian,Goethals,Belgian,http://en.wikipedia.org/wiki/Christian_Goethals
601,gibson,\N,Dick,Gibson,British,http://en.wikipedia.org/wiki/Dick_Gibson
602,la_caze,\N,Robert,La Caze,French,http://en.wikipedia.org/wiki/Robert_La_Caze
603,guelfi,\N,André,Guelfi,French,http://en.wikipedia.org/wiki/Andr%C3%A9_Guelfi
604,picard,\N,François,Picard,French,http://en.wikipedia.org/wiki/Fran%C3%A7ois_Picard
605,bridger,\N,Tom,Bridger,British,http://en.wikipedia.org/wiki/Tom_Bridger
606,portago,\N,Alfonso,de Portago,Spanish,http://en.wikipedia.org/wiki/Alfonso_de_Portago
607,perdisa,\N,Cesare,Perdisa,Italian,http://en.wikipedia.org/wiki/Cesare_Perdisa
608,castellotti,\N,Eugenio,Castellotti,Italian,http://en.wikipedia.org/wiki/Eugenio_Castellotti
609,simon,\N,André,Simon,French,http://en.wikipedia.org/wiki/Andr%C3%A9_Simon_(racing_driver)
610,leston,\N,Les,Leston,British,http://en.wikipedia.org/wiki/Les_Leston
611,hanks,\N,Sam,Hanks,American,http://en.wikipedia.org/wiki/Sam_Hanks
612,linden,\N,Andy,Linden,American,http://en.wikipedia.org/wiki/Andy_Linden_(racing_driver)
613,teague,\N,Marshall,Teague,American,http://en.wikipedia.org/wiki/Marshall_Teague_(racing_driver)
614,edmunds,\N,Don,Edmunds,American,http://en.wikipedia.org/wiki/Don_Edmunds
615,agabashian,\N,Fred,Agabashian,American,http://en.wikipedia.org/wiki/Fred_Agabashian
616,george,\N,Elmer,George,American,http://en.wikipedia.org/wiki/Elmer_George
617,macdowel,\N,Mike,MacDowel,British,http://en.wikipedia.org/wiki/Mike_MacDowel
618,mackay-fraser,\N,Herbert,MacKay-Fraser,American,http://en.wikipedia.org/wiki/Herbert_MacKay-Fraser
619,gerard,\N,Bob,Gerard,British,http://en.wikipedia.org/wiki/Bob_Gerard
620,maglioli,\N,Umberto,Maglioli,Italian,http://en.wikipedia.org/wiki/Umberto_Maglioli
621,england,\N,Paul,England,Australian,http://en.wikipedia.org/wiki/Paul_England
622,landi,\N,Chico,Landi,Brazilian,http://en.wikipedia.org/wiki/Chico_Landi
623,uria,\N,Alberto,Uria,Uruguayan,http://en.wikipedia.org/wiki/Alberto_Uria
624,ramos,\N,Hernando,da Silva Ramos,Brazilian,http://en.wikipedia.org/wiki/Hernando_da_Silva_Ramos
625,bayol,\N,Élie,Bayol,French,http://en.wikipedia.org/wiki/%C3%89lie_Bayol
626,manzon,\N,Robert,Manzon,French,http://en.wikipedia.org/wiki/Robert_Manzon
627,rosier,\N,Louis,Rosier,French,http://en.wikipedia.org/wiki/Louis_Rosier
628,sweikert,\N,Bob,Sweikert,American,http://en.wikipedia.org/wiki/Bob_Sweikert
629,griffith,\N,Cliff,Griffith,American,http://en.wikipedia.org/wiki/Cliff_Griffith
630,dinsmore,\N,Duke,Dinsmore,American,http://en.wikipedia.org/wiki/Duke_Dinsmore
631,andrews,\N,Keith,Andrews,American,http://en.wikipedia.org/wiki/Keith_Andrews_(driver)
632,frere,\N,Paul,Frère,Belgian,http://en.wikipedia.org/wiki/Paul_Fr%C3%A8re
633,villoresi,\N,Luigi,Villoresi,Italian,http://en.wikipedia.org/wiki/Luigi_Villoresi
634,scotti,\N,Piero,Scotti,Italian,http://en.wikipedia.org/wiki/Piero_Scotti
635,chapman,\N,Colin,Chapman,British,http://en.wikipedia.org/wiki/Colin_Chapman
636,titterington,\N,Desmond,Titterington,British,http://en.wikipedia.org/wiki/Desmond_Titterington
637,scott_Brown,\N,Archie,Scott Brown,British,http://en.wikipedia.org/wiki/Archie_Scott_Brown
638,volonterio,\N,Ottorino,Volonterio,Swiss,http://en.wikipedia.org/wiki/Ottorino_Volonterio
639,milhoux,\N,André,Milhoux,Belgian,http://en.wikipedia.org/wiki/Andr%C3%A9_Milhoux
640,graffenried,\N,Toulo,de Graffenried,Swiss,http://en.wikipedia.org/wiki/Toulo_de_Graffenried
641,taruffi,\N,Piero,Taruffi,Italian,http://en.wikipedia.org/wiki/Piero_Taruffi
642,farina,\N,Nino,Farina,Italian,http://en.wikipedia.org/wiki/Nino_Farina
643,mieres,\N,Roberto,Mieres,Argentine,http://en.wikipedia.org/wiki/Roberto_Mieres
644,mantovani,\N,Sergio,Mantovani,Italian,http://en.wikipedia.org/wiki/Sergio_Mantovani
645,bucci,\N,Clemar,Bucci,Argentine,http://en.wikipedia.org/wiki/Clemar_Bucci
646,iglesias,\N,Jesús,Iglesias,Argentine,http://en.wikipedia.org/wiki/Jes%C3%BAs_Iglesias
647,ascari,\N,Alberto,Ascari,Italian,http://en.wikipedia.org/wiki/Alberto_Ascari
648,kling,\N,Karl,Kling,German,http://en.wikipedia.org/wiki/Karl_Kling
649,birger,\N,Pablo,Birger,Argentine,http://en.wikipedia.org/wiki/Pablo_Birger
650,pollet,\N,Jacques,Pollet,French,http://en.wikipedia.org/wiki/Jacques_Pollet
651,macklin,\N,Lance,Macklin,British,http://en.wikipedia.org/wiki/Lance_Macklin
652,whiteaway,\N,Ted,Whiteaway,British,http://en.wikipedia.org/wiki/Ted_Whiteaway
653,davies,\N,Jimmy,Davies,American,http://en.wikipedia.org/wiki/Jimmy_Davies
654,faulkner,\N,Walt,Faulkner,American,http://en.wikipedia.org/wiki/Walt_Faulkner
655,niday,\N,Cal,Niday,American,http://en.wikipedia.org/wiki/Cal_Niday
656,cross,\N,Art,Cross,American,http://en.wikipedia.org/wiki/Art_Cross
657,vukovich,\N,Bill,Vukovich,American,http://en.wikipedia.org/wiki/Bill_Vukovich
658,mcgrath,\N,Jack,McGrath,American,http://en.wikipedia.org/wiki/Jack_McGrath_(racing_driver)
659,hoyt,\N,Jerry,Hoyt,American,http://en.wikipedia.org/wiki/Jerry_Hoyt
660,claes,\N,Johnny,Claes,Belgian,http://en.wikipedia.org/wiki/Johnny_Claes
661,peter_walker,\N,Peter,Walker,British,http://en.wikipedia.org/wiki/Peter_Walker_(driver)
662,sparken,\N,Mike,Sparken,French,http://en.wikipedia.org/wiki/Mike_Sparken
663,wharton,\N,Ken,Wharton,British,http://en.wikipedia.org/wiki/Ken_Wharton
664,mcalpine,\N,Kenneth,McAlpine,British,http://en.wikipedia.org/wiki/Kenneth_McAlpine
665,marr,\N,Leslie,Marr,British,http://en.wikipedia.org/wiki/Leslie_Marr
666,rolt,\N,Tony,Rolt,British,http://en.wikipedia.org/wiki/Tony_Rolt
667,fitch,\N,John,Fitch,American,http://en.wikipedia.org/wiki/John_Fitch_(driver)
668,lucas,\N,Jean,Lucas,French,http://en.wikipedia.org/wiki/Jean_Lucas
669,bira,\N,Prince,Bira,Thai,http://en.wikipedia.org/wiki/Prince_Bira
670,marimon,\N,Onofre,Marimón,Argentine,http://en.wikipedia.org/wiki/Onofre_Marim%C3%B3n
671,loyer,\N,Roger,Loyer,French,http://en.wikipedia.org/wiki/Roger_Loyer
672,daponte,\N,Jorge,Daponte,Argentine,http://en.wikipedia.org/wiki/Jorge_Daponte
673,nazaruk,\N,Mike,Nazaruk,American,http://en.wikipedia.org/wiki/Mike_Nazaruk
674,crockett,\N,Larry,Crockett,American,http://en.wikipedia.org/wiki/Larry_Crockett
675,ayulo,\N,Manny,Ayulo,American,http://en.wikipedia.org/wiki/Manny_Ayulo
676,armi,\N,Frank,Armi,American,http://en.wikipedia.org/wiki/Frank_Armi
677,webb,\N,Travis,Webb,American,http://en.wikipedia.org/wiki/Travis_Webb
678,duncan,\N,Len,Duncan,American,http://en.wikipedia.org/wiki/Len_Duncan
679,mccoy,\N,Ernie,McCoy,American,http://en.wikipedia.org/wiki/Ernie_McCoy
680,swaters,\N,Jacques,Swaters,American,http://en.wikipedia.org/wiki/Jacques_Swaters
681,georges_berger,\N,Georges,Berger,Belgian,http://en.wikipedia.org/wiki/Georges_Berger
682,beauman,\N,Don,Beauman,British,http://en.wikipedia.org/wiki/Don_Beauman
683,thorne,\N,Leslie,Thorne,British,http://en.wikipedia.org/wiki/Leslie_Thorne
684,whitehouse,\N,Bill,Whitehouse,British,http://en.wikipedia.org/wiki/Bill_Whitehouse
685,riseley_prichard,\N,John,Riseley-Prichard,British,http://en.wikipedia.org/wiki/John_Riseley-Prichard
686,reg_parnell,\N,Reg,Parnell,British,http://en.wikipedia.org/wiki/Reg_Parnell
687,whitehead,\N,Peter,Whitehead,British,http://en.wikipedia.org/wiki/Peter_Whitehead_(racing_driver)
688,brandon,\N,Eric,Brandon,British,http://en.wikipedia.org/wiki/Eric_Brandon
689,alan_brown,\N,Alan,Brown,British,http://en.wikipedia.org/wiki/Alan_Brown_(racing_driver)
690,nuckey,\N,Rodney,Nuckey,British,http://en.wikipedia.org/wiki/Rodney_Nuckey
691,lang,\N,Hermann,Lang,German,http://en.wikipedia.org/wiki/Hermann_Lang
692,helfrich,\N,Theo,Helfrich,German,http://en.wikipedia.org/wiki/Theo_Helfrich
693,wacker,\N,Fred,Wacker,American,http://en.wikipedia.org/wiki/Fred_Wacker
694,riu,\N,Giovanni,de Riu,Italian,http://en.wikipedia.org/wiki/Giovanni_de_Riu
695,galvez,\N,Oscar,Gálvez,Argentine,http://en.wikipedia.org/wiki/%C3%93scar_Alfredo_G%C3%A1lvez
696,john_barber,\N,John,Barber,British,http://en.wikipedia.org/wiki/John_Barber_(racing_driver)
697,bonetto,\N,Felice,Bonetto,Italian,http://en.wikipedia.org/wiki/Felice_Bonetto
698,cruz,\N,Adolfo,Cruz,Argentine,http://en.wikipedia.org/wiki/Adolfo_Schewelm_Cruz
699,nalon,\N,Duke,Nalon,American,http://en.wikipedia.org/wiki/Duke_Nalon
700,scarborough,\N,Carl,Scarborough,American,http://en.wikipedia.org/wiki/Carl_Scarborough
701,holland,\N,Bill,Holland,American,http://en.wikipedia.org/wiki/Bill_Holland
702,bob_scott,\N,Bob,Scott,American,http://en.wikipedia.org/wiki/Bob_Scott_(auto_racer)
703,legat,\N,Arthur,Legat,Belgian,http://en.wikipedia.org/wiki/Arthur_Legat
704,cabantous,\N,Yves,Cabantous,French,http://en.wikipedia.org/wiki/Yves_Giraud_Cabantous
705,crook,\N,Tony,Crook,British,http://en.wikipedia.org/wiki/Tony_Crook
706,jimmy_stewart,\N,Jimmy,Stewart,British,http://en.wikipedia.org/wiki/Jimmy_Stewart_(racing_driver)
707,ian_stewart,\N,Ian,Stewart,British,http://en.wikipedia.org/wiki/Ian_Stewart_(racing_driver)
708,duncan_hamilton,\N,Duncan,Hamilton,British,http://en.wikipedia.org/wiki/Duncan_Hamilton_(racing_driver)
709,klodwig,\N,Ernst,Klodwig,East German,http://en.wikipedia.org/wiki/Ernst_Klodwig
710,krause,\N,Rudolf,Krause,East German,http://en.wikipedia.org/wiki/Rudolf_Krause
711,karch,\N,Oswald,Karch,German,http://en.wikipedia.org/wiki/Oswald_Karch
712,heeks,\N,Willi,Heeks,German,http://en.wikipedia.org/wiki/Willi_Heeks
713,fitzau,\N,Theo,Fitzau,East German,http://en.wikipedia.org/wiki/Theo_Fitzau
714,adolff,\N,Kurt,Adolff,German,http://en.wikipedia.org/wiki/Kurt_Adolff
715,bechem,\N,Günther,Bechem,German,http://en.wikipedia.org/wiki/G%C3%BCnther_Bechem
716,bauer,\N,Erwin,Bauer,German,http://en.wikipedia.org/wiki/Erwin_Bauer
717,hans_stuck,\N,Hans,von Stuck,German,http://en.wikipedia.org/wiki/Hans_Von_Stuck
718,loof,\N,Ernst,Loof,German,http://en.wikipedia.org/wiki/Ernst_Loof
719,scherrer,\N,Albert,Scherrer,Swiss,http://en.wikipedia.org/wiki/Albert_Scherrer
720,terra,\N,Max,de Terra,Swiss,http://en.wikipedia.org/wiki/Max_de_Terra
721,hirt,\N,Peter,Hirt,Swiss,http://en.wikipedia.org/wiki/Peter_Hirt
722,carini,\N,Piero,Carini,Italian,http://en.wikipedia.org/wiki/Piero_Carini
723,fischer,\N,Rudi,Fischer,Swiss,http://en.wikipedia.org/wiki/Rudi_Fischer
724,ulmen,\N,Toni,Ulmen,German,http://en.wikipedia.org/wiki/Toni_Ulmen
725,abecassis,\N,George,Abecassis,British,http://en.wikipedia.org/wiki/George_Abecassis
726,george_connor,\N,George,Connor,American,http://en.wikipedia.org/wiki/George_Connor_(driver)
727,rigsby,\N,Jim,Rigsby,American,http://en.wikipedia.org/wiki/Jim_Rigsby
728,james,\N,Joe,James,American,http://en.wikipedia.org/wiki/Joe_James_(racing_driver)
729,schindler,\N,Bill,Schindler,American,http://en.wikipedia.org/wiki/Bill_Schindler
730,fonder,\N,George,Fonder,American,http://en.wikipedia.org/wiki/George_Fonder
731,banks,\N,Henry,Banks,American,http://en.wikipedia.org/wiki/Henry_Banks
732,mcdowell,\N,Johnny,McDowell,American,http://en.wikipedia.org/wiki/Johnny_McDowell
733,miller,\N,Chet,Miller,American,http://en.wikipedia.org/wiki/Chet_Miller
734,ball,\N,Bobby,Ball,American,http://en.wikipedia.org/wiki/Bobby_Ball_(auto_racer)
735,tornaco,\N,Charles,de Tornaco,Belgian,http://en.wikipedia.org/wiki/Charles_de_Tornaco
736,laurent,\N,Roger,Laurent,Belgian,http://en.wikipedia.org/wiki/Roger_Laurent
737,obrien,\N,Robert,O'Brien,American,http://en.wikipedia.org/wiki/Robert_O%27Brien_(auto_racer)
738,gaze,\N,Tony,Gaze,Australian,http://en.wikipedia.org/wiki/Tony_Gaze
739,charrington,\N,Robin,Montgomerie-Charrington,British,http://en.wikipedia.org/wiki/Robin_Montgomerie-Charrington
740,comotti,\N,Franco,Comotti,Italian,http://en.wikipedia.org/wiki/Franco_Comotti
741,etancelin,\N,Philippe,Étancelin,French,http://en.wikipedia.org/wiki/Philippe_%C3%89tancelin
742,poore,\N,Dennis,Poore,British,http://en.wikipedia.org/wiki/Dennis_Poore
743,thompson,\N,Eric,Thompson,British,http://en.wikipedia.org/wiki/Eric_Thompson_(racing_driver)
744,downing,\N,Ken,Downing,British,http://en.wikipedia.org/wiki/Ken_Downing
745,graham_whitehead,\N,Graham,Whitehead,British,http://en.wikipedia.org/wiki/Graham_Whitehead
746,bianco,\N,Gino,Bianco,Brazilian,http://en.wikipedia.org/wiki/Gino_Bianco
747,murray,\N,David,Murray,British,http://en.wikipedia.org/wiki/David_Murray_(driver)
748,cantoni,\N,Eitel,Cantoni,Uruguayan,http://en.wikipedia.org/wiki/Eitel_Cantoni
749,aston,\N,Bill,Aston,British,http://en.wikipedia.org/wiki/Bill_Aston
750,brudes,\N,Adolf,Brudes,German,http://en.wikipedia.org/wiki/Adolf_Brudes
751,riess,\N,Fritz,Riess,German,http://en.wikipedia.org/wiki/Fritz_Riess
752,niedermayr,\N,Helmut,Niedermayr,German,http://en.wikipedia.org/wiki/Helmut_Niedermayr
753,klenk,\N,Hans,Klenk,German,http://en.wikipedia.org/wiki/Hans_Klenk
754,balsa,\N,Marcel,Balsa,French,http://en.wikipedia.org/wiki/Marcel_Balsa
755,schoeller,\N,Rudolf,Schoeller,Swiss,http://en.wikipedia.org/wiki/Rudolf_Schoeller
756,pietsch,\N,Paul,Pietsch,German,http://en.wikipedia.org/wiki/Paul_Pietsch
757,peters,\N,Josef,Peters,German,http://en.wikipedia.org/wiki/Josef_Peters_(driver)
758,lof,\N,Dries,van der Lof,Dutch,http://en.wikipedia.org/wiki/Dries_van_der_Lof
759,flinterman,\N,Jan,Flinterman,Dutch,http://en.wikipedia.org/wiki/Jan_Flinterman
760,dusio,\N,Piero,Dusio,Italian,http://en.wikipedia.org/wiki/Piero_Dusio
761,crespo,\N,Alberto,Crespo,Argentine,http://en.wikipedia.org/wiki/Alberto_Crespo
762,rol,\N,Franco,Rol,Italian,http://en.wikipedia.org/wiki/Franco_Rol
763,sanesi,\N,Consalvo,Sanesi,Italian,http://en.wikipedia.org/wiki/Consalvo_Sanesi
764,guy_mairesse,\N,Guy,Mairesse,French,http://en.wikipedia.org/wiki/Guy_Mairesse
765,louveau,\N,Henri,Louveau,French,http://en.wikipedia.org/wiki/Henri_Louveau
766,wallard,\N,Lee,Wallard,American,http://en.wikipedia.org/wiki/Lee_Wallard
767,forberg,\N,Carl,Forberg,American,http://en.wikipedia.org/wiki/Carl_Forberg
768,rose,\N,Mauri,Rose,American,http://en.wikipedia.org/wiki/Mauri_Rose
769,mackey,\N,Bill,Mackey,American,http://en.wikipedia.org/wiki/Bill_Mackey
770,green,\N,Cecil,Green,American,http://en.wikipedia.org/wiki/Cecil_Green
771,walt_brown,\N,Walt,Brown,American,http://en.wikipedia.org/wiki/Walt_Brown_(auto_racer)
772,hellings,\N,Mack,Hellings,American,http://en.wikipedia.org/wiki/Mack_Hellings
773,levegh,\N,Pierre,Levegh,French,http://en.wikipedia.org/wiki/Pierre_Levegh
774,chaboud,\N,Eugène,Chaboud,French,http://en.wikipedia.org/wiki/Eug%C3%A8ne_Chaboud
775,gordini,\N,Aldo,Gordini,French,http://en.wikipedia.org/wiki/Aldo_Gordini
776,kelly,\N,Joe,Kelly,Irish,http://en.wikipedia.org/wiki/Joe_Kelly_(Formula_One)
777,parker,\N,Philip,Fotheringham-Parker,British,http://en.wikipedia.org/wiki/Philip_Fotheringham-Parker
778,shawe_taylor,\N,Brian,Shawe Taylor,British,http://en.wikipedia.org/wiki/Brian_Shawe_Taylor
779,john_james,\N,John,James,British,http://en.wikipedia.org/wiki/John_James_(auto_racer)
780,branca,\N,Toni,Branca,Swiss,http://en.wikipedia.org/wiki/Toni_Branca
781,richardson,\N,Ken,Richardson,British,http://en.wikipedia.org/wiki/Ken_Richardson_(race_car_driver)
782,jover,\N,Juan,Jover,Spanish,http://en.wikipedia.org/wiki/Juan_Jover
783,grignard,\N,Georges,Grignard,French,http://en.wikipedia.org/wiki/Georges_Grignard
784,hampshire,\N,David,Hampshire,British,http://en.wikipedia.org/wiki/David_Hampshire
785,crossley,\N,Geoff,Crossley,British,http://en.wikipedia.org/wiki/Geoff_Crossley
786,fagioli,\N,Luigi,Fagioli,Italian,http://en.wikipedia.org/wiki/Luigi_Fagioli
787,harrison,\N,Cuth,Harrison,British,http://en.wikipedia.org/wiki/Cuth_Harrison
788,fry,\N,Joe,Fry,British,http://en.wikipedia.org/wiki/Joe_Fry
789,martin,\N,Eugène,Martin,French,http://en.wikipedia.org/wiki/Eug%C3%A8ne_Martin
790,leslie_johnson,\N,Leslie,Johnson,British,http://en.wikipedia.org/wiki/Leslie_Johnson_(racing_driver)
791,biondetti,\N,Clemente,Biondetti,Italian,http://en.wikipedia.org/wiki/Clemente_Biondetti
792,pian,\N,Alfredo,Pián,Argentine,http://en.wikipedia.org/wiki/Alfredo_Pi%C3%A0n
793,sommer,\N,Raymond,Sommer,French,http://en.wikipedia.org/wiki/Raymond_Sommer
794,chitwood,\N,Joie,Chitwood,American,http://en.wikipedia.org/wiki/Joie_Chitwood
795,fohr,\N,Myron,Fohr,American,http://en.wikipedia.org/wiki/Myron_Fohr
796,ader,\N,Walt,Ader,American,http://en.wikipedia.org/wiki/Walt_Ader
797,holmes,\N,Jackie,Holmes,American,http://en.wikipedia.org/wiki/Jackie_Holmes
798,levrett,\N,Bayliss,Levrett,American,http://en.wikipedia.org/wiki/Bayliss_Levrett
799,jackson,\N,Jimmy,Jackson,American,http://en.wikipedia.org/wiki/Jimmy_Jackson_(driver)
800,pagani,\N,Nello,Pagani,Italian,http://en.wikipedia.org/wiki/Nello_Pagani
801,pozzi,\N,Charles,Pozzi,French,http://en.wikipedia.org/wiki/Charles_Pozzi
802,serafini,\N,Dorino,Serafini,Italian,http://en.wikipedia.org/wiki/Dorino_Serafini
803,cantrell,\N,Bill,Cantrell,American,http://en.wikipedia.org/wiki/William_Cantrell
804,mantz,\N,Johnny,Mantz,American,http://en.wikipedia.org/wiki/Johnny_Mantz
805,kladis,\N,Danny,Kladis,American,http://en.wikipedia.org/wiki/Danny_Kladis
806,oscar_gonzalez,\N,Óscar,González,Uruguayan,http://en.wikipedia.org/wiki/Oscar_Gonz%C3%A1lez_(racing_driver)
807,hulkenberg,HUL,Nico,Hülkenberg,German,http://en.wikipedia.org/wiki/Nico_H%C3%BClkenberg
808,petrov,PET,Vitaly,Petrov,Russian,http://en.wikipedia.org/wiki/Vitaly_Petrov
810,grassi,DIG,Lucas,di Grassi,Brazilian,http://en.wikipedia.org/wiki/Lucas_di_Grassi
811,bruno_senna,SEN,Bruno,Senna,Brazilian,http://en.wikipedia.org/wiki/Bruno_Senna
812,chandhok,CHA,Karun,Chandhok,Indian,http://en.wikipedia.org/wiki/Karun_Chandhok
813,maldonado,MAL,Pastor,Maldonado,Venezuelan,http://en.wikipedia.org/wiki/Pastor_Maldonado
814,resta,DIR,Paul,di Resta,British,http://en.wikipedia.org/wiki/Paul_di_Resta
815,perez,PER,Sergio,Pérez,Mexican,http://en.wikipedia.org/wiki/Sergio_P%C3%A9rez
816,ambrosio,DAM,Jérôme,d'Ambrosio,Belgian,http://en.wikipedia.org/wiki/J%C3%A9r%C3%B4me_d%27Ambrosio
817,ricciardo,RIC,Daniel,Ricciardo,Australian,http://en.wikipedia.org/wiki/Daniel_Ricciardo
818,vergne,VER,Jean-Éric,Vergne,French,http://en.wikipedia.org/wiki/Jean-%C3%89ric_Vergne
819,pic,PIC,Charles,Pic,French,http://en.wikipedia.org/wiki/Charles_Pic
820,chilton,CHI,Max,Chilton,British,http://en.wikipedia.org/wiki/Max_Chilton
821,gutierrez,GUT,Esteban,Gutiérrez,Mexican,http://en.wikipedia.org/wiki/Esteban_Guti%C3%A9rrez
822,bottas,BOT,Valtteri,Bottas,Finnish,http://en.wikipedia.org/wiki/Valtteri_Bottas
823,garde,VDG,Giedo,van der Garde,Dutch,http://en.wikipedia.org/wiki/Giedo_van_der_Garde
824,jules_bianchi,BIA,Jules,Bianchi,French,http://en.wikipedia.org/wiki/Jules_Bianchi
825,kevin_magnussen,MAG,Kevin,Magnussen,Danish,http://en.wikipedia.org/wiki/Kevin_Magnussen
826,kvyat,KVY,Daniil,Kvyat,Russian,http://en.wikipedia.org/wiki/Daniil_Kvyat
827,lotterer,LOT,André,Lotterer,German,http://en.wikipedia.org/wiki/Andr%C3%A9_Lotterer
828,ericsson,ERI,Marcus,Ericsson,Swedish,http://en.wikipedia.org/wiki/Marcus_Ericsson
829,stevens,STE,Will,Stevens,British,http://en.wikipedia.org/wiki/Will_Stevens
830,max_verstappen,VER,Max,Verstappen,Dutch,http://en.wikipedia.org/wiki/Max_Verstappen
831,nasr,NAS,Felipe,Nasr,Brazilian,http://en.wikipedia.org/wiki/Felipe_Nasr
832,sainz,SAI,Carlos,Sainz,Spanish,http://en.wikipedia.org/wiki/Carlos_Sainz_Jr.
833,merhi,MER,Roberto,Merhi,Spanish,http://en.wikipedia.org/wiki/Roberto_Merhi
834,rossi,RSS,Alexander,Rossi,American,http://en.wikipedia.org/wiki/Alexander_Rossi_%28racing_driver%29
835,jolyon_palmer,PAL,Jolyon,Palmer,British,http://en.wikipedia.org/wiki/Jolyon_Palmer
836,wehrlein,WEH,Pascal,Wehrlein,German,http://en.wikipedia.org/wiki/Pascal_Wehrlein
837,haryanto,HAR,Rio,Haryanto,Indonesian,http://en.wikipedia.org/wiki/Rio_Haryanto
838,vandoorne,VAN,Stoffel,Vandoorne,Belgian,http://en.wikipedia.org/wiki/Stoffel_Vandoorne
839,ocon,OCO,Esteban,Ocon,French,http://en.wikipedia.org/wiki/Esteban_Ocon
840,stroll,STR,Lance,Stroll,Canadian,http://en.wikipedia.org/wiki/Lance_Stroll
841,giovinazzi,GIO,Antonio,Giovinazzi,Italian,http://en.wikipedia.org/wiki/Antonio_Giovinazzi
843,brendon_hartley,HAR,Brendon,Hartley,New Zealander,http://en.wikipedia.org/wiki/Brendon_Hartley
844,leclerc,LEC,Charles,Leclerc,Monegasque,http://en.wikipedia.org/wiki/Charles_Leclerc
845,sirotkin,SIR,Sergey,Sirotkin,Russian,http://en.wikipedia.org/wiki/Sergey_Sirotkin_(racing_driver)
846,norris,NOR,Lando,Norris,British,http://en.wikipedia.org/wiki/Lando_Norris
847,russell,RUS,George,Russell,British,http://en.wikipedia.org/wiki/George_Russell_%28racing_driver%29
848,albon,ALB,Alexander,Albon,Thai,http://en.wikipedia.org/wiki/Alexander_Albon
849,latifi,LAT,Nicholas,Latifi,Canadian,http://en.wikipedia.org/wiki/Nicholas_Latifi
850,pietro_fittipaldi,FIT,Pietro,Fittipaldi,Brazilian,http://en.wikipedia.org/wiki/Pietro_Fittipaldi
851,aitken,AIT,Jack,Aitken,British,http://en.wikipedia.org/wiki/Jack_Aitken
852,tsunoda,TSU,Yuki,Tsunoda,Japanese,http://en.wikipedia.org/wiki/Yuki_Tsunoda
853,mazepin,MAZ,Nikita,Mazepin,Russian,http://en.wikipedia.org/wiki/Nikita_Mazepin
854,mick_schumacher,MSC,Mick,Schumacher,German,http://en.wikipedia.org/wiki/Mick_Schumacher
855,zhou,ZHO,Guanyu,Zhou,Chinese,http://en.wikipedia.org/wiki/Guanyu_Zhou
856,de_vries,DEV,Nyck,de Vries,Dutch,http://en.wikipedia.org/wiki/Nyck_de_Vries
857,piastri,PIA,Oscar,Piastri,Australian,http://en.wikipedia.org/wiki/Oscar_Piastri
858,sargeant,SAR,Logan,Sargeant,American,http://en.wikipedia.org/wiki/Logan_Sargeant
